station_id,name,short_name,lat,lon,capacity
1,Métro Champ-de-Mars (Viger / Sanguinet),6001,45.51016276368593,-73.55663707494385,35
2,Ste-Catherine / Dezery,6002,45.539385081961676,-73.54099988937377,19
3,Evans / Clark,6003,45.51109688757575,-73.56799766421318,3
4,du Champ-de-Mars / Gosford,6004,45.50965520472071,-73.55400860309601,23
5,Brittany / Ainsley,6005,45.52588991809354,-73.65003436803818,19
6,de Bellechasse / Pie-IX,6006,45.56129266944769,-73.57611326515325,11
7,de l'Hôtel-de-Ville / Ste-Catherine,6007,45.51166045593874,-73.56213569641113,31
8,Ste-Catherine / Sanguinet,6008,45.512936177874096,-73.56124520301817,47
9,Crescent / de Maisonneuve,6009,45.498132074644275,-73.57762072817422,23
10,de Grosbois / Duchesneau,6901,45.611230741550536,-73.5312415660519,15
11,Porte de Québec / St-André,6011,45.51329411414168,-73.55057805776596,3
12,Mansfield / Ste-Catherine,6012,45.50140664031126,-73.57165485620499,3
13,Sanguinet / de Maisonneuve,6013,45.51340553558378,-73.56259435415267,31
14,St-Denis / Ste-Catherine,6014,45.51372291221464,-73.5603104531765,43
15,Saint-Denis/de Maisonneuve,6015,45.51440491203477,-73.56181114912033,26
16,Jacques-Le Ber / de la Pointe Nord,6016,45.47259900304475,-73.5398056358099,27
17,Atateken / du Square Amherst,6017,45.52063377251984,-73.56390595436096,31
18,St-André / Ontario,6018,45.51889,-73.56353,19
19,Métro Sherbrooke (de Rigaud / Berri),6019,45.51814312154928,-73.56800436973572,27
20,de l'Hotel-de-Ville / Ontario,6020,45.51374520222444,-73.56666326522826,3
21,Montcalm / Ontario,6902,45.52111152278944,-73.56231406331062,27
22,de la Commune / Berri,6023,45.51086,-73.54983,51
23,des Ormeaux / Notre-Dame,6024,45.59926552299961,-73.51226069033146,23
24,Notre-Dame / St-Gabriel,6025,45.50714391928411,-73.55511903762817,15
25,de la Commune / Place Jacques-Cartier,6026,45.50761009451047,-73.55183601379395,81
26,de Maisonneuve / Mansfield (sud),6027,45.502053864057466,-73.57346534729004,27
28,Bourget / St-Jacques,6029,45.48067368593179,-73.58351558446884,19
30,St-Antoine / St-François-Xavier,6031,45.50459069556304,-73.55918794870377,18
31,Métro Place-d'Armes (Viger / St-Urbain),6032,45.50631445605528,-73.55967122894072,29
34,Viger / Chenneville,6035,45.50531166520915,-73.56089115142822,34
35,de la Commune / St-Sulpice,6036,45.50424245563397,-73.553469479084,43
36,St-Nicolas / Place d'Youville,6037,45.501966859101564,-73.55515256524086,23
37,Place d'Youville / McGill,6038,45.49996470926352,-73.55615437030792,19
38,des Récollets / McGill,6039,45.5008764952487,-73.55900555849075,23
39,St-Antoine / Jean-Paul Riopelle,6040,45.502939709023714,-73.56064036488532,23
40,St-Jacques / McGill,6041,45.50144108135568,-73.56014415621758,31
41,de la Gauchetière / Robert-Bourassa,6042,45.50060578095098,-73.56544822454453,27
42,Square Victoria (Viger / du Square-Victoria),6043,45.50206,-73.56295,19
43,Roy / St-André,6044,45.521564270906616,-73.57036739587784,23
45,Métro Bonaventure (de la Gauchetière / de la Cathédrale),6046,45.49831217703312,-73.56725603342056,31
46,Milton / Durocher,6204,45.508140959417744,-73.57492983341217,27
47,William / St-Henri,6048,45.49891911390352,-73.55725407600403,19
48,Queen / Wellington,6049,45.49760527699099,-73.55534970760345,47
49,Robert-Bourassa / St-Maurice,6050,45.49837045828952,-73.56055587530136,7
50,Henri-Julien / de Bellechasse,6051,45.5315079142152,-73.60308364033699,19
51,de la Commune / King,6052,45.49750375338383,-73.55284452438353,70
52,Métro Place-des-Arts (du Président-Kennedy / Jeanne-Mance),6053,45.508204615051355,-73.56881439685822,27
55,Place du Canada (Peel / des Canadiens-de-Montréal),6057,45.49788352593901,-73.56856763362885,26
56,Cypress / Peel,6058,45.499330334344556,-73.57175691987322,35
57,Stanley / René-Lévesque,6059,45.49790394592446,-73.57077571808077,39
58,St-Urbain / René-Lévesque,6060,45.507837541505836,-73.56313616037369,33
59,Mansfield / Cathcart,6061,45.500989292488576,-73.57050284743309,27
60,Drummond / Ste-Catherine,6062,45.49863930330429,-73.57422709465027,31
61,Drummond / de Maisonneuve,6063,45.499515390738885,-73.57602953910826,47
62,Métro Peel (de Maisonneuve / Stanley),6064,45.50038,-73.57507,49
63,de la Montagne / Sherbrooke,6065,45.500015468871446,-73.57938900589943,19
64,Quai de la navette fluviale,6067,45.51366626207095,-73.53842496871948,19
65,2e avenue / Jean-Rivard,6068,45.562509038048915,-73.61656039953232,23
67,Milton / University,6070,45.50651983995355,-73.57640504837036,39
68,de Maisonneuve / Aylmer (ouest),6073,45.505173440423306,-73.5706517100334,37
69,Ste-Catherine / St-Clément,6076,45.55671730558936,-73.53024959564209,15
71,St-Alexandre / Ste-Catherine,6078,45.50527354034462,-73.5674786567688,27
72,Métro Vendôme (de Marlowe / de Maisonneuve),6080,45.47393028235147,-73.60473453998564,31
73,Mackay / Ste-Catherine,6081,45.49582294706495,-73.57696294784546,31
74,5e avenue / Rosemont,6082,45.54990048023633,-73.58308374881744,19
75,Aylmer / Ste-Catherine,6083,45.50434678685089,-73.56894850730896,39
76,Duke / Nazareth,6084,45.49585490917429,-73.5544940829277,3
77,Peel / Notre-Dame,6085,45.49544692088696,-73.56329441070557,47
78,Henri-Julien / du Carmel,6089,45.52795093787009,-73.59502326697111,23
79,Métro Lucien-L'Allier  (Lucien l'Allier / Argyle),6090,45.49487159597493,-73.57112377882004,17
80,Joseph-Manseau / René-Lévesque,6091,45.491686521008035,-73.57676714658737,19
81,Crescent / René-Lévesque,6092,45.49600732302391,-73.57334746981905,31
82,Métro Beaubien (de Chateaubriand / Beaubien),6912,45.5353599615622,-73.60363483428955,27
83,Métro Atwater (Atwater / Ste-Catherine),6194,45.48952522221574,-73.5844581949641,35
84,Chomedey / de Maisonneuve,6095,45.491750449903954,-73.58394473791122,27
85,Lucien L'Allier / St-Jacques,6096,45.493514106710734,-73.56848180294037,23
86,Ste-Catherine / Towers,6097,45.49228068089086,-73.58096480369566,23
87,Ste-Catherine / Bishop,6098,45.49658063218649,-73.5762146115303,19
88,Ste-Catherine / Labelle,6099,45.51473288454674,-73.55961576104164,39
89,Mackay / de Maisonneuve,6100,45.49682986230046,-73.57913017272949,39
90,Métro Villa-Maria (de Monkland / Décarie),6101,45.4789683985657,-73.61959934234618,26
91,Lincoln / du Fort,6102,45.493245802758366,-73.58368472341681,15
92,de Rouen / Lespérance,6103,45.538859462962286,-73.5528177022934,23
93,Wolfe / René-Lévesque,6104,45.51679746990879,-73.55416417121887,4
94,René-Lévesque / Panet,6105,45.51862424058306,-73.55219006538391,19
95,René-Lévesque / Papineau,6106,45.52097057660443,-73.5499919950962,27
96,Ste-Catherine / St-Mathieu,6107,45.49384690142783,-73.57917845249176,31
97,Logan / Fullum,6108,45.52836601591233,-73.55117082595825,19
98,Parc Plage,6109,45.50265866521738,-73.52753520011902,19
99,Frontenac / Ste-Catherine,6110,45.53006276144042,-73.54559183120728,3
100,Fullum / Ste-Catherine,6111,45.52711644190572,-73.54801654815674,23
101,Montcalm / de Maisonneuve,6112,45.519131967116216,-73.55788965214742,19
102,Alexandre-DeSève / Ste-Catherine,6113,45.52123044585842,-73.55386108160019,19
103,Métro Papineau (Cartier / Ste-Catherine),6114,45.52353,-73.55199,25
104,Parc Benny (Benny / de Monkland),6115,45.46693565237702,-73.63153114914894,23
105,Plessis / Ontario,6116,45.523594936648244,-73.56099039316177,19
106,de Maisonneuve / Aylmer (est),6117,45.50538591756765,-73.5704317688942,21
107,Alexandre-DeSève  / Ontario,6118,45.52435882510794,-73.56053441762924,23
108,Dorion / Ontario,6119,45.526991277453526,-73.55821162462234,35
109,Métro Frontenac (Ontario / du Havre),6120,45.533705987798946,-73.55217933654784,23
110,du Havre / de Rouen,6121,45.53456256501449,-73.55478646466509,27
111,Logan / d'Iberville,6122,45.53061161207863,-73.54911457747221,19
112,la Fontaine / Alexandre-de-Sève,6123,45.52330366033427,-73.55799973011017,19
113,Poupart / Ontario,6124,45.531836726498305,-73.55348825454712,19
114,de la Peltrie / de la Côte-des-Neiges,6125,45.499797390231926,-73.6301752924919,23
115,Fullum / de Rouen,6126,45.5321322155395,-73.55876013636589,27
116,Henri-Julien / de Castelnau,6127,45.53789110878484,-73.6182153224945,23
117,Hogan / Ontario,6128,45.535295480380306,-73.55116009712219,11
118,Sherbrooke / Frontenac,6130,45.5367,-73.56081,15
119,Parc Baldwin (Fullum / Sherbrooke),6131,45.53407048533949,-73.56265068054199,1
120,Fullum / Terrasse Mercure,6133,45.535541603465234,-73.56593906879425,19
121,Bordeaux / Sherbrooke,6129,45.529914321737415,-73.56302618980408,19
122,Jeanne-Mance / Sherbrooke,6202,45.50928678961862,-73.57101917266846,25
123,University / Prince-Arthur,6047,45.5074794530521,-73.57864737510681,47
124,Hutchison / Prince-Arthur,6079,45.50975858607626,-73.57610732316971,31
125,André-Laurendeau / Rachel,6022,45.54303187243879,-73.56256484985352,23
126,Atwater / Sherbrooke,6093,45.4912258547597,-73.58763009309769,23
127,Drolet / Beaubien,6913,45.533348,-73.605834,23
128,de Gaspé / Beaubien,6915,45.531957916826386,-73.60700100660324,19
129,Parc du Pélican (2e avenue / St-Joseph),6916,45.544580831168204,-73.5717111825943,19
130,Marquette / des Carrières,6918,45.53879934493943,-73.58870029449461,27
131,Métro Fabre (Papineau / Jean-Talon),6923,45.54773931611951,-73.60693395137787,23
132,Louis-Hémon / Jean-Talon,6925,45.5517742671765,-73.60347837231528,19
133,Metcalfe / de Maisonneuve,6072,45.501804363327565,-73.57434511184692,31
134,Drolet / Marie-Anne,6075,45.522402573414084,-73.58117669820786,19
135,Bercy / Rachel,6134,45.53840340979245,-73.56196403503418,15
136,Larivière / de Lorimier,6132,45.5291345371163,-73.55923354625702,35
137,Métro Laurier (Berri / Laurier),6136,45.52809995527671,-73.58843871625139,23
138,Gauthier / Papineau,6137,45.52966629503036,-73.56733649969101,23
139,Gauthier / de Lorimier,6138,45.53166363055749,-73.56536373496056,19
140,Gauthier / Parthenais,6139,45.53292625574653,-73.56377989053726,15
141,Marquette / Rachel,6140,45.52983801723605,-73.5703244805336,15
142,des Érables / Rachel,6141,45.533313304815366,-73.56671154499054,3
143,Calixa-Lavallée / Rachel,6142,45.527831544563064,-73.5719096660614,30
144,Rachel / de Brébeuf,6143,45.52689,-73.57264,29
145,du Parc-La Fontaine / Duluth,6145,45.52451761488783,-73.57197672128677,22
146,du Parc-La Fontaine / Roy,6146,45.52286653749578,-73.56837719678879,19
147,Calixa-Lavallée / Sherbrooke,6147,45.52479,-73.56545,19
148,Émile-Duployé / Sherbrooke,6148,45.52733971427933,-73.56485076248646,3
149,Chapleau / du Mont-Royal,6149,45.53867,-73.56936,15
150,Messier / du Mont-Royal,6150,45.53711414,-73.5710031,23
151,Parthenais / du Mont-Royal,6151,45.53640396516409,-73.57141345739365,15
152,Chabot / Mont-Royal,6152,45.53413436610844,-73.57352435588837,23
153,Marie-Anne / Papineau,6153,45.53176697148175,-73.5724139213562,23
154,Marquette / du Mont-Royal,6154,45.53221791147474,-73.57543140649796,23
155,de Lanaudière / du Mont-Royal,6155,45.53022106537559,-73.57699647545813,31
156,Marie-Anne / de la Roche,6156,45.527550507601894,-73.5762870311737,19
157,de Brébeuf / du Mont-Royal,6157,45.52927839879717,-73.57792854309082,23
158,Christophe Colomb / Gilford,6158,45.52970275925261,-73.58288526535034,15
159,Ann / Wellington,6159,45.49449368327543,-73.55676054954529,11
160,Garnier / St-Joseph,6160,45.5330129192707,-73.58128666877745,19
161,Cartier / St-Joseph,6161,45.53582823686429,-73.57869029045105,19
162,St-Dominique / de Bellechasse,6162,45.52952466565309,-73.60488876700401,31
163,Marquette / Laurier,6163,45.53543,-73.5822,27
164,de Lanaudière / Laurier,6164,45.5333136054992,-73.58373686671257,23
165,Laurier / de Brébeuf,6165,45.532513956311426,-73.58481109142303,31
166,St-Grégoire / Christophe-Colomb,6166,45.53259744983328,-73.59011113643646,23
167,Garnier / St-Grégoire,6167,45.5358215436799,-73.58710169792175,23
168,Marmier / St-Denis,6168,45.530757980151904,-73.59845817089081,0
169,Boyer / du Mont-Royal,6169,45.527432126380575,-73.57991673052311,27
170,de Mentana / Laurier,6170,45.5305193519952,-73.58780443668365,23
171,Wolfe / Robin,6171,45.51958082831579,-73.5601159930229,23
173,Berri / Cherrier,6173,45.519266156911335,-73.5692971944809,39
174,Roy / St-Denis,6174,45.51908,-73.5727,26
175,St-André / Cherrier,6175,45.52051578783967,-73.567695915699,27
176,du Parc-Lafontaine / Rachel,6176,45.52551168509886,-73.57424452900887,19
177,St-Hubert / Duluth,6177,45.522425652788634,-73.57418417930603,23
178,St-André / Rachel,6178,45.52435318759273,-73.57596650719643,15
179,Duluth  / St-Denis,6179,45.52062760607925,-73.57594907283782,15
180,des Soeurs-Grises / Marguerite d'Youville,6180,45.498761505159365,-73.55442300438881,35
181,Clark / Rachel,6181,45.5173538,-73.58212888,31
182,de Bullion / du Mont-Royal,6182,45.52141314643908,-73.58498811721802,19
183,Laval / du Mont-Royal,6183,45.5223645775784,-73.58414590358734,15
184,Métro Mont-Royal (Pontiac / du Mont-Royal),6184,45.52538954131252,-73.5820671916008,39
185,des Érables / Bélanger,6185,45.54912085535069,-73.60087350010872,15
186,St-Hubert / Laurier,6186,45.52895039362793,-73.587866127491,19
187,Resther / du Mont-Royal,6187,45.52562819123256,-73.58177483081818,23
188,de Mentana / Marie-Anne,6188,45.526026565221414,-73.57785880565643,27
189,Chabot / Villeray,6189,45.552289376429215,-73.61300647258759,15
190,Pontiac / Gilford,6190,45.527009334270645,-73.58576595783234,23
191,St-Zotique / Clark,6191,45.53144755346584,-73.61279457807541,3
192,Boucher / St-Denis,6192,45.527930077456865,-73.59183847904205,23
193,de l'Esplanade / Fairmount,6193,45.521495731487576,-73.5968267172575,19
194,de Gaspé / Fairmount,6094,45.52557815939422,-73.59285570681095,23
195,de Bullion / St-Joseph,6195,45.52404631813311,-73.59015061847458,23
196,Villeneuve / St-Laurent,6196,45.52142922483992,-73.58953826151264,0
197,de Bordeaux / Masson,6197,45.53898439552301,-73.5824453830719,19
198,Hélène-Baillargeon / St-Denis,6198,45.52974,-73.59527,19
199,Clark / St-Viateur,6199,45.5251943015533,-73.59935637563467,15
200,Maguire / St-Laurent,6200,45.524628485592636,-73.5958108305931,15
201,de l'Hôtel-de-Ville / Villeneuve,6201,45.52348082760688,-73.58732756238169,23
202,Aylmer / Sherbrooke,6203,45.50629456823703,-73.57282698154448,27
203,Milton / du Parc,6205,45.50936142835129,-73.57386365532875,31
204,Prince-Arthur / du Parc,6206,45.51059,-73.57547,31
205,Ste-Famille / des Pins,6207,45.51283174510449,-73.57688784599304,11
206,Hutchison / des Pins,6208,45.51069,-73.57805,22
207,Milton / Clark,6209,45.512640029999396,-73.57060074806213,27
208,Métro Sauvé (Berri / Sauvé),6210,45.550692068419764,-73.65636706352234,26
209,des Pins / St-Laurent,6211,45.51522812881499,-73.5750961303711,23
210,Duluth / de l'Esplanade,6212,45.515132275425785,-73.58105599880219,23
211,Duluth / St-Laurent,6213,45.516906476407094,-73.57950568199158,31
212,Square St-Louis (du Square St-Louis / Laval),6214,45.516090801970655,-73.5701286792755,31
213,Metcalfe / St-Catherine,6215,45.50083231626815,-73.57245951890945,35
214,Parc Jeanne-Mance (monument à sir George-Étienne Cartier),6216,45.514866433022796,-73.58475860237377,43
215,Vallières / St-Laurent,6217,45.518967223320054,-73.5836161673069,23
216,de l'Hôtel-de-Ville / Roy,6219,45.51733075399989,-73.57449866831303,19
217,Laval / Duluth,6220,45.51922631024093,-73.57718793155072,23
218,du Mont-Royal / Clark,6221,45.51941,-73.58685,35
219,de l'Esplanade / du Mont-Royal,6222,45.51825290855221,-73.5883381962776,23
220,Parc Jeanne-Mance (du Mont-Royal / du Parc),6223,45.51689731423111,-73.58910799026489,33
221,Villeneuve / du Parc,6224,45.51829,-73.59235,15
222,Villeneuve / St-Urbain,6225,45.520188,-73.590559,19
223,Hôpital Maisonneuve-Rosemont (Rosemont / Chatelain),6226,45.575707,-73.561562,4
224,Jeanne-Mance / Laurier,6227,45.52027633320609,-73.59497621666378,23
225,St-Dominique / du Mont-Royal,6229,45.52055948154798,-73.58582027256489,23
226,Waverly / St-Viateur,6230,45.5238561444472,-73.60012650489807,19
227,Jeanne-Mance / St-Viateur,6231,45.523026476635074,-73.60184043645859,23
228,Clark / de l'Arcade,6234,45.527371996141,-73.60398352146149,0
229,St-Dominique / St-Viateur,6235,45.52655700191558,-73.5982757806778,31
230,Laurier / de Bordeaux,6236,45.53727946481992,-73.5791677236557,23
232,Chambord / Gilford,6237,45.53148889001714,-73.58106136322021,23
233,St-Dominique / Napoléon,6903,45.51666442219882,-73.57722043991089,23
234,de Bordeaux / Jean-Talon,6924,45.54975479298636,-73.60556602478027,15
236,Parc Kent (de Kent / Hudson),6240,45.5057209331225,-73.62945914268494,27
237,Querbes / Laurier,6241,45.51748721436461,-73.59788417816162,15
239,Bloomfield / Bernard,6243,45.520545179997015,-73.60820215362764,27
241,Bloomfield / Van Horne,6245,45.522745298216094,-73.61328139901161,23
242,St-Cyril / Wiseman,6246,45.52085479492202,-73.61573964357376,23
243,St-Dominique / St-Zotique,6247,45.53226461018495,-73.6110632121563,31
244,St-Dominique / Rachel,6248,45.518593,-73.581566,31
245,Bélanger / St-Denis,6249,45.53696,-73.61199,23
246,Marché Jean-Talon (Henri-Julien / Jean-Talon),6250,45.53678525128436,-73.6148879583925,23
247,de Gaspé / Dante,6251,45.53429782539273,-73.61217230558395,23
248,Mozart / St-Laurent,6252,45.53328465200231,-73.61546069383621,23
249,Métro Jean-Talon (Berri / Jean-Talon),6253,45.53900036432657,-73.6142510175705,19
250,Boyer / Bélanger,6254,45.54006,-73.60897,23
251,Boyer / St-Zotique,6255,45.53848,-73.60556,19
253,de St-Vallier / St-Zotique,6257,45.536434338630336,-73.60783427975548,19
254,Parc Père-Marquette (Chambord / Rosemont),6258,45.537087833013324,-73.59321847558022,39
255,des Érables / Dandurand,6259,45.541331760976774,-73.58387768268585,3
256,Cartier / Dandurand,6260,45.53923559055867,-73.58594566583633,23
257,Louis-Hémon / Rosemont,6261,45.54433850465683,-73.58794391155243,19
258,de la Roche /  de Bellechasse,6262,45.53718135927993,-73.59750330448149,19
259,de Hampton / de Monkland,6263,45.47117930747152,-73.6270022392273,11
260,Chabot / de Bellechasse,6264,45.5425697477813,-73.59214425086974,19
261,des Érables / Laurier,6265,45.53852599499357,-73.57773274183273,3
262,Louis-Hébert / de Bellechasse,6266,45.546661109634606,-73.58868420124054,26
263,Chabot / Beaubien,6267,45.544375546398065,-73.59564453363419,15
264,Chambord / Beaubien,6268,45.539900246044354,-73.59936207532883,19
265,de Rouen / Hogan,6269,45.53636263222538,-73.55421245098114,15
266,Fabre / St-Zotique,6270,45.543653916207866,-73.60126135876271,19
267,Place du Village (St-Jean-Baptiste / Notre-Dame),6271,45.640002860465096,-73.49011301994324,15
268,de Bordeaux / St-Zotique,6272,45.546539011777845,-73.59866470098495,19
269,Cartier / Bélanger,6273,45.546779039476185,-73.60281676054001,23
270,Christophe-Colomb / St-Joseph,6274,45.53036486555959,-73.58439266681671,23
271,Chambord / Jean-Talon,6275,45.5446849701959,-73.61012041568756,3
272,de la Roche / Bélanger,6276,45.541669595766315,-73.60760450363159,23
273,Louis-Hébert / St-Zotique,6278,45.55001,-73.59576,15
274,Louis-Hébert / Bélanger,6279,45.55158518908433,-73.59916493296623,19
275,Garnier / Beaubien,6904,45.541510228130996,-73.5984206199646,3
276,Fullum / Holt,6905,45.54391953154915,-73.58424894533528,27
277,Métro Rosemont (de St-Vallier / Rosemont),6906,45.531921043052655,-73.59804779291153,23
278,Boyer / Rosemont,6907,45.53409866804061,-73.59553456306458,31
279,de Bellechasse / de St-Vallier,6908,45.53341043363302,-73.60112428665161,19
280,Augustin-Cantin / Shearer,6921,45.48390169543355,-73.56363236904144,31
281,Marie-Anne / St-Hubert,6926,45.5246829812827,-73.5788968205452,19
282,Édouard-Montpetit / de Stirling,6927,45.50723,-73.615085,19
283,McKenna / Édouard-Montpetit,6928,45.50116506773693,-73.62054750323296,15
284,Waverly / Van Horne,6228,45.527363,-73.607723,11
285,Hutchison / Van Horne,6232,45.52497706918177,-73.6106863617897,19
286,Bernard / Jeanne-Mance,6233,45.52428310031213,-73.6049484461546,23
287,Basile-Routhier / Chabanel,6917,45.549868431421636,-73.64765658974648,19
288,Bibliothèque et Complexe aquatique Rosemont (8e avenue / Rosemont),6919,45.55151193681962,-73.58207792043686,15
289,Boyer / Beaubien,6910,45.537041,-73.602026,27
290,des Bassins / du Séminaire,6086,45.49047561880464,-73.56022328138351,35
291,Notre-Dame / de la Montagne,6087,45.49302901258371,-73.56481790542603,27
292,Notre-Dame / Guy,6088,45.48984195308291,-73.56737405061722,19
293,Louis-Hébert / Beaubien,6277,45.5481863712796,-73.592010140419,19
294,St-Dominique / Laurier,6280,45.52361490311454,-73.59245739877223,23
297,Métro Charlevoix (Centre / Charlevoix),10002,45.4785381897129,-73.56931865215302,3
301,des Seigneurs / Notre-Dame,6401,45.487695863979475,-73.56902526348222,7
302,Ste-Émilie / Sir-Georges-Etienne-Cartier,6402,45.472781067977614,-73.5852724313736,23
303,Georges-Vanier / Notre-Dame,6403,45.485047979822774,-73.5719633102417,19
304,St-Jacques / Vinet,6404,45.485328993998365,-73.57692271471024,15
305,Duvernay / Charlevoix,6405,45.4820980397155,-73.57487618923187,19
306,Marché Atwater,6406,45.48020822800015,-73.57759863138199,31
307,Workman / Vinet,6407,45.483788863965174,-73.5750612616539,23
308,Métro Georges-Vanier (St-Antoine / Canning),6408,45.4891,-73.57656,17
309,de l'Hotel-de-Ville / Rachel,6307,45.51989655507833,-73.58010649681091,15
311,4e avenue / de Verdun,6309,45.4568844514464,-73.57260704040527,15
312,de Soissons / de Darlington,6310,45.50689914049937,-73.623526096344,3
313,Bel Air / St-Antoine,6313,45.4824297233159,-73.58367975812143,23
314,de Kent / de la Côte-des-Neiges,6312,45.50144933057703,-73.63305062055588,39
315,Drolet / St-Zotique,6311,45.53488214147823,-73.60941231250763,19
316,de Lanaudière / Marie-Anne,6314,45.52932643090091,-73.57480645179749,19
317,Métro Côte-des-Neiges (Jean-Brillant / de la Côte-des-Neiges),6315,45.495537539518104,-73.6222583055769,31
318,McLynn / Plamondon,6316,45.48911308766352,-73.6470128595829,23
319,Bourbonnière / du Mont-Royal,6383,45.55358456339093,-73.56052905321121,23
320,de Bordeaux / Gilford,6385,45.53611005443118,-73.5762870311737,19
321,Métro Préfontaine (Moreau / Hochelaga),6386,45.541374968866094,-73.5542231798172,31
322,Métro Joliette  (Joliette / Hochelaga),6387,45.54690718297082,-73.5515570640564,19
323,d'Orléans / Hochelaga,6388,45.55061693669672,-73.54901432991028,19
324,Boyer / Jean-Talon,6389,45.54152678327907,-73.61248868051915,3
325,Aylwin / Ontario,6391,45.544306576612755,-73.54551016355799,27
327,Dézéry / Ontario,6393,45.54095791741757,-73.54702949523926,23
328,Parc Lalancette (de Rouen / Valois),6394,45.54814504700217,-73.5471260547638,23
329,Métro Viau (Viau / Pierre-de-Coubertin),6395,45.563084167155345,-73.5481941328544,55
330,Marché Maisonneuve,6397,45.55321884238814,-73.53978216648102,22
331,Desjardins / Ontario,6398,45.55118417872238,-73.54087114334106,23
332,Guizot / St-Laurent,6323,45.53968044327973,-73.63450437784195,19
333,Faillon / St-Denis,6327,45.539890852781404,-73.62026989459991,23
334,Drolet / Gounod,6329,45.54095134225734,-73.62637460231781,3
335,de Gaspé / Jarry,6330,45.540780049797995,-73.63040059804916,19
336,Guizot / St-Denis,6331,45.543423548290185,-73.63246187567711,23
337,de Gaspé / de Liège,6332,45.54248521237199,-73.63634169101715,3
338,Leman / de Chateaubriand,6333,45.54721107501036,-73.63105237483978,15
339,Métro Jarry (Lajeunesse / Jarry),6334,45.54355974189168,-73.62777203321457,23
340,du Rosaire / St-Hubert,6335,45.54481928225348,-73.6215104162693,23
341,Boyer / Everett,6336,45.54310243053054,-73.61607524188003,19
342,de Chateaubriand / Jarry,6338,45.545841561840085,-73.62665355205536,15
343,Harvard / de Monkland,6339,45.474565185029945,-73.62403571605682,19
344,de la Roche / Everett,6340,45.544867,-73.614841,15
345,Regina / de Verdun,6341,45.467369,-73.570769,23
346,Garnier / Villeray,6343,45.54948004519436,-73.61605471489383,4
348,Nicolet / Sherbrooke,6346,45.54969542033443,-73.55464696884155,23
349,Métro St-Michel (Shaughnessy / St-Michel),6347,45.559199,-73.599658,15
350,Ryde / Charlevoix,6349,45.4757434,-73.5646007,27
351,de Laprairie / Centre,6350,45.48059248038378,-73.56577813625336,7
355,St-Dominique / Gounod,6322,45.538737949470644,-73.62802147865295,3
356,Lajeunesse / de Liège,6324,45.545580534390176,-73.63490000367165,15
357,de Gaspé / Villeray,6328,45.53888723230076,-73.62390697002411,4
358,Marcil / Sherbrooke,6354,45.471743,-73.613924,23
359,Ontario / Sicard,6355,45.55626186680846,-73.53744059801102,23
360,de Monkland / Girouard,6356,45.47710675189806,-73.6214379966259,23
361,12e avenue / St-Zotique,6357,45.5568667309625,-73.589306473732,23
362,1ère  avenue / St-Zotique,6358,45.551937362101,-73.59392791986465,15
363,St-Laurent / Pl. du Marché,6359,45.50928960913111,-73.56241598725319,27
364,Beaubien / 8e avenue,6360,45.553456845975276,-73.58784198760986,15
365,Molson / Beaubien,6361,45.54968589617967,-73.59115451574326,23
366,1ère avenue / Rosemont,6362,45.54779995287998,-73.58486741781235,15
367,de la Côte St-Antoine / Royal,6363,45.468926984877434,-73.6198702454567,19
368,de Chambly / Rachel,6364,45.54991069359101,-73.55826258659361,23
370,Wilderton  / Van Horne,6366,45.51014162409143,-73.6247518658638,23
371,3e avenue / Holt,6367,45.54800352985515,-73.58138993382454,19
372,10e avenue / Masson,6368,45.55037651450808,-73.57373356819151,27
373,U. Concordia - Campus Loyola (Sherbrooke / West Broadway),6369,45.45750908083069,-73.6394852399826,27
374,d'Orléans / Masson,6370,45.557192,-73.569847,19
375,5e avenue / Masson,6371,45.54752382909683,-73.57513636350632,27
376,Parc du Pélican (1ère avenue / Masson),6372,45.5451997,-73.57645065,39
377,7e avenue / St-Joseph Rosemont,6373,45.54710817336986,-73.56936693191528,27
378,15e avenue / Masson,6374,45.55389801568004,-73.5713866353035,23
379,Métro Place St-Henri (St-Ferdinand / St-Jacques),6375,45.47729315148685,-73.58732163906097,27
380,16e avenue / St-Joseph,6376,45.55293611277267,-73.56577143073082,23
381,de Châteauguay / Ropery,6377,45.47930107352825,-73.56629446148872,23
383,de l'Église / Bannantyne,6379,45.4632535358533,-73.57587933540344,15
384,Parc J.-Arthur-Champagne (de Chambly / du Mont-Royal),6380,45.551584,-73.561916,4
385,Omer-Lavallée / du Midway,6381,45.5457759528664,-73.56217458844185,18
387,Darling / Sherbrooke,6384,45.54545514686953,-73.55673909187317,23
388,Métro Pie-IX (Pierre-de-Coubertin / Desjardins),6396,45.554373399819674,-73.55137467384337,33
389,Bloomfied / Elmwood,6301,45.51825588419192,-73.60320568084717,15
390,Durocher / St-Viateur,6302,45.52079584115535,-73.6032706975675,5
391,Parc Pratt (Dunlop / Van Horne),6303,45.514918954061876,-73.61968517303467,15
392,Parc Joyce (Rockland / Lajoie),6304,45.515617,-73.614991,15
393,Davaar / de la Côte-Ste-Catherine,6305,45.514379,-73.610871,15
394,Métro Édouard-Montpetit (du Mont-Royal / Vincent-d'Indy),6306,45.510200304274754,-73.6114051938057,27
396,Gary-Carter / St-Laurent,6321,45.53613488953656,-73.62258464097977,38
397,St-Dominique / Jean-Talon,6344,45.53520398241678,-73.6175217570053,31
399,Lionel-Groulx / George-Vanier,6409,45.486346321757786,-73.57352435588837,23
400,11e avenue / du Souvenir,9001,45.56933906192115,-73.70472729206085,15
401,de l'Hôtel-de-Ville / Sherbrooke,6021,45.514524730294404,-73.56835573911665,27
403,Campus MIL (Outremont / Thérèse-Lavoie Roux),6066,45.52311432992147,-73.61815363168716,23
404,Prince-Arthur / St-Urbain,6218,45.51258740220925,-73.57373893260956,27
406,Parc Jean-Drapeau (Chemin Macdonald),6501,45.51252079509179,-73.53200376033783,3
407,Casino de Montréal,6502,45.5063732,-73.52457672,19
408,Métro Parc  (Hutchison / Ogilvy),6503,45.53035130173597,-73.6243924498558,33
409,La Ronde,6504,45.52156536710626,-73.53533238172531,23
413,de Melrose / Sherbrooke,6415,45.46991202213883,-73.61735232174397,19
414,Letourneux / Hochelaga,6417,45.55465888075087,-73.54660302400589,15
415,Paré / Mountain Sights,6418,45.49810026070624,-73.65294188261032,15
417,Cartier / Rosemont,6421,45.54124722370603,-73.59104454517365,19
418,Notre-Dame-de-Grâce / Décarie,6416,45.477384955188235,-73.61527817789465,15
419,Métro Côte-Ste-Catherine (Beaucourt / de la Côte-Ste-Catherine),6419,45.491513,-73.633649,23
421,de Maisonneuve / Mansfield SE,6423,45.50229349416256,-73.5733064264059,23
422,Métro Snowdon (de Westbury / Queen-Mary),6420,45.48542414888848,-73.62816195935011,23
423,Péloquin / Fleury,6422,45.55702223161539,-73.6599015713,15
424,Métro Crémazie (Crémazie / Lajeunesse),6410,45.54640752148169,-73.63842844963074,15
425,Louisbourg / O'Brien,6412,45.53039449604383,-73.70393217686795,23
426,Ste-Catherine / Union,6413,45.50373771539475,-73.56948494911194,34
427,Parc St-Henri (Laporte / Guay),6414,45.48013378575666,-73.58590811491013,15
428,Métro de l'Église (Ross / de l'Église),6425,45.462846046287325,-73.56592163443565,19
429,Métro Verdun (Willibrord / de Verdun),6426,45.459487694540734,-73.57209205627441,27
430,Métro Lasalle (de Rushbrooke / Caisse),6427,45.47069642604657,-73.56542240828276,23
431,Place du Commerce,6429,45.46714,-73.54259,33
432,Clark / Prince-Arthur,6411,45.513342512307055,-73.57301607728004,31
433,Berlioz / de l'Île des Soeurs,6428,45.45998577640931,-73.54395568370819,23
437,Clark / Laurier,6281,45.522544455627866,-73.59346926212311,15
438,de Maisonneuve / Greene,6432,45.48697062,-73.58929306,19
439,Hillside / Ste-Catherine,6433,45.48282602624293,-73.59084337949753,15
440,Victoria / de Maisonneuve,6434,45.47742856483265,-73.60016942024231,15
441,Victoria Hall,6435,45.48129146961133,-73.6003303527832,15
442,de la Côte St-Antoine / Argyle,6436,45.48624101696415,-73.59572768211365,19
443,St-Charles / Montarville,5002,45.53368199320325,-73.51526074111462,15
444,Place Longueuil,5003,45.52841043752244,-73.51716578006744,15
445,St-Charles / Grant,5004,45.539824,-73.508752,19
446,St-Sylvestre / St-Charles,5005,45.53632382385609,-73.51224955918042,23
447,Collège Édouard-Montpetit (de Gentilly / de Normandie),5006,45.53722603812578,-73.49506705999374,19
448,Métro Longueuil - Université de Sherbrooke,5007,45.52331869398737,-73.52012693881989,35
452,Parc Ludger-Duvernay (St-André / St-Hubert),6929,45.53147464147482,-73.59242051839828,19
453,Cité des Arts du Cirque (Paul Boutet / des Regrattiers),6930,45.55984236120471,-73.61544728279114,34
454,Letourneux / Ste-Catherine,6700,45.55078357889704,-73.53409996037954,19
455,Stanley / Sherbrooke,6701,45.50104945092413,-73.57720971107483,31
456,Métro Assomption (Chauveau / de l'Assomption),6702,45.569789,-73.548081,23
457,Jardin Botanique (Pie-IX / Sherbrooke),6703,45.554946972033726,-73.55529472231865,24
458,19e avenue / St-Zotique,6704,45.56168275734862,-73.58564794063568,23
459,5e avenue / Bannantyne,6705,45.456365,-73.57614,15
460,Beatty / de Verdun,6706,45.450729976972944,-73.5725748538971,23
461,Métro Jolicoeur (de Sève / Drake),6707,45.45608545783109,-73.58193710446358,19
462,de Bleury / de Maisonneuve,6708,45.507096455662456,-73.56844156980515,21
463,Parc St-Paul (Le Caron / Marc-Sauvalle),6709,45.461741021347436,-73.58412176370621,23
464,Chambord / Fleury,6710,45.55982811984724,-73.65832507610321,14
465,Mozart / Waverly,6711,45.5315236502754,-73.61701235175133,15
466,LaSalle / Crawford,6712,45.43791516514076,-73.58253550531117,15
467,29e avenue / St-Zotique,6713,45.56776565172907,-73.57968807220459,15
468,LaSalle / 80e avenue,6714,45.4157471675921,-73.63751649856567,23
469,Natatorium (LaSalle / Rolland),6715,45.4443505862464,-73.57542979723802,27
470,Francis / Fleury,6716,45.56387237463668,-73.6555677652359,19
471,Métro Plamondon (de Kent / Victoria),6717,45.494686752797904,-73.63871866467889,19
472,Grand Boulevard / Sherbrooke,6718,45.46670033299904,-73.62355081379064,19
473,Park Row O / Sherbrooke,6719,45.46072936353252,-73.63407254219055,15
474,Ontario / Viau,6720,45.5594818,-73.535496,19
475,Métro Cadillac (Cadillac / Sherbrooke),6721,45.57683333463968,-73.54647415224463,19
476,Du Quesne / de Marseille,6722,45.575812361972055,-73.54123055934906,23
477,26e avenue / Beaubien,6723,45.56485589064712,-73.5774926841259,15
478,Léa-Roback / Sir-Georges-Etienne-Cartier,6724,45.472051276471305,-73.5827162861824,34
479,Métro Monk (Allard / Beaulieu),6725,45.451030919298056,-73.5939010977745,19
480,Hamel / Sauvé,6726,45.56076192837154,-73.6505614221096,19
481,Richardson / Montmorency,6727,45.484966061164755,-73.56032252311707,31
482,d'Outremont / Ogilvy,6728,45.52687028194893,-73.62672328948975,19
483,St-André / Ste-Catherine,6729,45.516297540849614,-73.55801045894623,27
484,35e avenue / Beaubien,6730,45.570081,-73.573047,27
485,de Normanville / Villeray,6733,45.547172039327485,-73.61815631389618,19
486,Fortune / Wellington,6732,45.477923,-73.559038,27
487,27e avenue / Rosemont,6731,45.563709940264175,-73.57139468193054,19
489,Lajeunesse / Villeray,6734,45.54218173507584,-73.62268656492233,15
490,Métro Henri-Bourassa (Henri-Bourassa / Millen),6736,45.55675103297278,-73.66716161370277,16
491,Jacques-Casault / Christophe-Colomb,6737,45.552123,-73.630103,19
492,6e avenue / Villeray,6735,45.55873962047568,-73.60589044634253,15
493,Union / René-Lévesque,6738,45.50235036136798,-73.56658279895781,31
495,Pierre-de-Coubertin / Langelier,6739,45.580314546424674,-73.5353136062622,19
496,Canning / Notre-Dame,6741,45.486318644010225,-73.5702332854271,23
497,St-Patrick / Briand,6742,45.46339729163665,-73.59643578529356,3
498,St-Marc / Sherbrooke,6743,45.49444855920154,-73.58337610960007,3
499,Hamilton / Jolicoeur,6744,45.45670282849069,-73.59764268636354,15
500,Bloomfield / Jean-Talon,6745,45.52745655427204,-73.62411618232727,15
501,Métro Acadie (de l'Acadie / Beaumont),6746,45.52357479400008,-73.62344294786453,13
502,Waverly / St-Zotique,6747,45.53050525974957,-73.61470833420753,19
503,Murray / Wellington,6748,45.49267929096992,-73.55919599533081,10
504,St-Jacques / St-Laurent,6749,45.50644464920572,-73.55648696422577,23
505,de Mentana / Gilford,6750,45.52866947969606,-73.58371809124947,23
508,Hutchison / Beaubien,6752,45.52605851018324,-73.61296892166138,6
511,Centre ÉPIC (St-Zotique / 40e avenue),6753,45.57414703721992,-73.57462137937546,23
512,Dubois / Eadie,6754,45.45760820718457,-73.59051011502743,23
514,Bloomfield / Ball,7001,45.52995941738481,-73.6329460144043,19
515,Tolhurst / Fleury,7002,45.54407915308118,-73.66735741496086,19
516,Guy / Sainte-Catherine,7003,45.49497512853125,-73.57777043248461,31
517,Émile-Journault / de Chateaubriand,7004,45.54983321292286,-73.64063255488873,19
518,Marquette / Fleury,7005,45.56735205736566,-73.65378744900227,15
519,Clark / Fleury,7006,45.54758205939525,-73.66522908210754,19
520,Kirkfield / de Chambois,7007,45.51293324107222,-73.63389015197754,27
521,Everett / Garnier,7008,45.54758153109644,-73.61220851540565,15
522,Panet / Ste-Catherine,7009,45.51999897796297,-73.5548883676529,27
523,Earnscliffe / Queen-Mary,7010,45.481845071377414,-73.63037377595901,23
524,Métro Beaudry (Beaudry / Ste-Catherine),7011,45.51888453178292,-73.55593845248222,23
525,St-Christophe / René-Lévesque,7012,45.5150280816668,-73.55635821819305,19
526,Benny / Sherbrooke,7013,45.4648769981855,-73.62659722566605,19
527,Métro Université de Montréal (Édouard-Montpetit / Louis-Collin),7014,45.50363996257211,-73.6182689666748,26
528,Parc des Rapides (LaSalle / 6e avenue),7015,45.42947143740888,-73.59309915918857,23
529,Métro Langelier (Langelier / Sherbrooke),7016,45.58284663189181,-73.54247644543648,19
530,Bennett / Ste-Catherine,7017,45.55315915057821,-73.53263273835182,11
531,Valois / Ste-Catherine,7018,45.54522973039872,-73.53725016117096,23
532,Casgrain / St-Viateur,7019,45.52751292628879,-73.59879076480864,23
533,St-Germain / Hochelaga,7020,45.543652466151,-73.5534825682771,15
534,Dollard / Van Horne,7021,45.51915286772737,-73.61646920442581,19
535,Durocher / Bernard,7022,45.52222528598142,-73.60668718814848,15
536,Parc Howard (de l'Épée / de Liège),7023,45.53318929909303,-73.64188581705093,15
537,Métro Laurier (Berri / St-Joseph),7024,45.52723106564012,-73.58672618865965,18
538,8e avenue / Dandurand,7042,45.550113551561694,-73.5772217810154,19
539,St-Dominique / Bernard,7025,45.52793332015246,-73.60122251338906,23
540,Maguire / Henri-Julien,7026,45.527041096087785,-73.59347056655677,19
541,Fullum / Marie-Anne,7027,45.53650541861215,-73.56803923845291,23
542,de Gaspé / St-Viateur,7028,45.527672646696104,-73.59738260507582,19
543,Cartier / Masson,7029,45.5380207402854,-73.58352363109587,19
544,Cartier / Marie-Anne,7030,45.533078445261296,-73.57266068458557,23
545,Berri / Rachel,7031,45.52275023118295,-73.57724860310555,19
546,Henri-Julien / Laurier,7032,45.52574657625029,-73.59033644199371,23
547,Aylmer / Prince-Arthur,7033,45.508566869474386,-73.57769787311554,23
548,Atwater / Greene,7034,45.480495143306044,-73.57782661914825,25
549,Fullum / Gilford,7035,45.53922374455291,-73.57383679656778,3
550,Labadie / du Parc,7036,45.5198946757576,-73.59682738780975,19
551,Durocher / Sherbrooke,7037,45.507076248365834,-73.57228517532349,23
552,Guilbault / Clark,7038,45.514107949601446,-73.57523024082184,3
553,du Mont-Royal / Augustin-Frigon,7039,45.54355786336148,-73.56780052185059,19
554,St-Urbain / Beaubien,7040,45.52954744851231,-73.61071854829788,15
555,Grand Boulevard / de Terrebonne,7041,45.470535000953966,-73.63165721297264,31
556,Ernest-Gendreau / du Mont-Royal,7043,45.549713734001415,-73.56384828686714,23
557,Parc Maisonneuve (Viau / Sherbrooke),7044,45.56493679334249,-73.5555911064148,23
558,Laurier / St-Denis,7045,45.52714838624861,-73.58947947621346,3
559,de Maisonneuve / Mansfield (nord),7046,45.502386079583346,-73.57333794236183,19
560,Peel / Ottawa,7047,45.49419955357054,-73.55998456478119,27
561,Métro Angrignon (Lamont /  des Trinitaires),7048,45.44705915105563,-73.60229507088661,23
562,Parc de Dieppe,7049,45.501863463435576,-73.5439610481262,35
563,Ottawa / William,7050,45.48972725318433,-73.56406286358833,15
564,Jogues / Allard,7051,45.450020323797766,-73.60030621290207,3
565,Shearer / Centre,7052,45.4828250990486,-73.56206325352105,15
566,Ropery / Augustin-Cantin,7053,45.48097552629275,-73.56863468885422,23
567,de la Côte St-Paul / St-Ambroise,7054,45.467665653865964,-73.59391784324544,27
568,Rose-de-Lima / Workman,7055,45.48026417718717,-73.58099363744259,23
569,Bibliothèque de Verdun (Brown / Bannantyne),7056,45.44826204820947,-73.57785612344742,15
570,2e avenue / Wellington,7057,45.45791007701367,-73.56774741414483,19
571,Gordon / Wellington,7058,45.46107768438817,-73.56747972971789,15
572,Argyle / de Verdun,7059,45.45301583620112,-73.57191503047943,23
573,de l'Église / de Verdun,7060,45.46300108733155,-73.57156895217486,19
574,de Castelnau / Lajeunesse,7061,45.54043190217008,-73.61650675535202,19
575,William / Robert-Bourassa,7062,45.49716534003792,-73.55933010578154,21
576,Drolet / Jarry,7063,45.54195463236575,-73.62994194030762,19
577,Clark / de Liège,7064,45.5399716347916,-73.638114631176,3
578,de Lanaudière / Bélanger,7065,45.54365085053057,-73.60565051436424,23
579,St-Urbain / de la Gauchetière,7066,45.50707812811467,-73.56139540672302,43
580,City Councillors / du President-Kennedy,7067,45.50625103256782,-73.57139065861702,31
581,Richmond / des Bassins,7068,45.48752158511353,-73.56500297784805,31
582,Jeanne-Mance / René-Lévesque,7069,45.5063713381299,-73.5642009973526,58
583,Bourgeoys / Favard,7070,45.47993042065731,-73.55592101812363,27
584,St-Mathieu / Sherbrooke,7071,45.495789104811756,-73.58259558677672,23
585,Beaudry / Sherbrooke,7072,45.52303493310712,-73.56539458036421,27
586,Logan / de Champlain,7073,45.5231943285584,-73.55584256350994,19
587,St-André / Robin,7074,45.518128086513194,-73.56185138225555,15
588,Michelet / Jean-Talon,7075,45.57627820285533,-73.58353972434998,23
589,Tupper / du Fort,7076,45.49122961531575,-73.58078241348267,4
590,Jean Langlois / Fullum,7077,45.526499983000186,-73.54575277422555,31
591,du Havre / Hochelaga,7078,45.53578772547294,-73.5579514503479,3
592,Notre-Dame / Gauvin,7079,45.50002580878596,-73.5601931065321,19
593,du President-Kennedy / Union,7080,45.505102242483595,-73.57187882065773,23
594,St-Hubert / de Maisonneuve (nord),7081,45.51613214980722,-73.56049686670303,23
595,Jeanne-d'Arc / Ontario,4000,45.54959767887176,-73.54187428951263,23
605,Graham / Brookfield,4001,45.52022241072457,-73.62985610961914,23
606,Graham / Wicksteed,4002,45.51693654712809,-73.64048302173615,19
607,Métro Lionel-Groulx (St-Jacques / Atwater),7082,45.48295816149219,-73.57975836854166,33
608,McTavish / Sherbrooke,7084,45.50277615861811,-73.57589408755302,46
609,Parc de Bullion (de Bullion / Prince-Arthur),7083,45.515604257816335,-73.57213497161865,19
610,Metcalfe / du Square-Dorchester,7085,45.50022226680107,-73.57110500335693,31
611,Place des Festivals ( du Président-Kennedy / de Bleury),7086,45.50764392965887,-73.56932401657104,27
612,St-Jean-Baptiste / René-Lévesque,7087,45.64141535746634,-73.4999567270279,15
613,Aréna Rodrigue-Gilbert (du Tricentenaire / de Montigny),7088,45.65140583915357,-73.50041270256041,15
614,du Tricentenaire / Prince-Albert,7089,45.64954588445726,-73.49191546440125,15
617,de St-Firmin / Fleury,7090,45.570624722078364,-73.6517858505249,23
618,Parc des Hirondelles (Fleury / André-Jobin),7091,45.5762948651025,-73.646759390831,19
619,Gare Bois-de-Boulogne,7092,45.53972553109637,-73.67716491222382,23
620,Laforest / Dudemaine,7093,45.539806548176045,-73.6872661113739,23
621,Alfred Laliberté / de Poutrincourt,7094,45.53308032414161,-73.6945965886116,19
622,Chabanel / Tolhurst,7095,45.540105018786974,-73.65347027778625,23
623,Chabanel / du Parc,7096,45.53830765459552,-73.6548838019371,30
624,Bélanger / des Galeries d'Anjou,7097,45.59722114932571,-73.56279015541077,23
625,Grey / Sherbrooke,7099,45.47629426230192,-73.60617488622665,15
626,Union / Ste-Catherine,7098,45.504027213143104,-73.56970220804214,55
627,des Jockeys / Décarie,7100,45.49404432109336,-73.65449488162994,19
628,Métro de la Savane (Décarie / de Sorel),7101,45.500251758943925,-73.66171056035454,19
629,Graham / Kindersley,7102,45.514080696641386,-73.64694982767105,23
630,St-Joseph / 8e avenue Lachine,7103,45.431518914135125,-73.67110446095467,27
631,8e avenue / Notre-Dame Lachine,7104,45.43498715540587,-73.67079868912697,19
632,Parc St-Louis (St-Joseph / 34e avenue),7105,45.432839840726125,-73.69349151849747,27
633,Victoria / 18e avenue Lachine,7106,45.43579350588776,-73.6801904439926,15
634,St-Joseph Lachine / 21e avenue,7107,45.43352120253739,-73.68354320526123,3
635,Gagne / LaSalle,7108,45.422451407155854,-73.601194024086,19
636,Mairie d'arrondissement LaSalle (Dupras / Jeannette),7109,45.429166968311485,-73.66280972957611,15
637,LaSalle / 37e avenue,7110,45.41631023854958,-73.61291594803333,23
638,Parc Highlands (Highlands / LaSalle),7111,45.42612352042827,-73.65741580724716,27
639,Newman / Senkus,7112,45.44404309237571,-73.61375212669373,19
640,Casgrain / Maguire,7113,45.525762548812956,-73.59485328197479,15
641,Smith / Peel,7114,45.49276061084002,-73.55641052126883,19
642,Métro Radisson (Sherbrooke / des Groseilliers),7115,45.58917500418707,-73.53965610265732,19
643,Métro Honoré-Beaugrand (Sherbrooke / Honoré-Beaugrand),7116,45.5967964774917,-73.53517949581145,23
644,Parc Félix-Leclerc (François-Boivin / St-Zotique),7117,45.5914549914687,-73.56275528669356,15
645,Ste-Claire / Pierre-Tétreault,7118,45.60191332161639,-73.52441847324371,19
646,Duchesneau / de Marseille,7119,45.60962627826218,-73.52273898082785,27
647,Aird / Pierre-de-Coubertin,7120,45.55892530967948,-73.5480573177665,15
648,Liébert / Hochelaga,7121,45.59587457490178,-73.52352797985077,23
649,University / des Pins,7122,45.50817464963893,-73.58002064942411,35
650,des Récollets / Martial,7123,45.59089190991344,-73.64061713218689,19
651,Dollard / Bernard,7124,45.51678269880724,-73.61142262816429,23
652,Rosemont / Viau,7125,45.56833021674857,-73.56666326522826,23
653,41e avenue / Rosemont,7126,45.57178977666956,-73.56431499123573,19
654,Jeanne-Mance / Beaubien,7127,45.527650097960205,-73.61229971051216,15
655,Ste-Croix / Tassé,7128,45.51953948301331,-73.68516325950623,23
656,Marquette / Gilford,7129,45.53382623467138,-73.57891023159026,15
657,Métro du Collège (Cartier / Décarie),7130,45.50843904979172,-73.6729645729065,17
658,Stinson / Montpellier,7131,45.51962176248447,-73.6662483215332,23
659,Notre-Dame-de-Grâce / Westmount,7132,45.48046706437983,-73.61122308304402,15
660,Thimens / Alexis-Nihon,7133,45.50897852206792,-73.69856357574463,27
661,Maisonneuve / Wood,7134,45.48819793805841,-73.58807051185067,19
662,O'Brien / Poirier,7135,45.52252484113786,-73.69143962860107,23
663,Gilford / des Érables,7136,45.53728040418993,-73.57534691691399,15
664,de Lisieux / Jean-Talon,7137,45.57934937043077,-73.58168095350266,19
665,Parc Ferland (Belleherbe / Albanel),7138,45.59573798024675,-73.59529852867126,15
666,Plymouth / Duncan,7139,45.50316529501043,-73.66222634911537,15
667,St-Jacques / des Seigneurs,7140,45.489185716082275,-73.57190027832984,23
668,Turgeon / Notre-Dame,7141,45.478888528072076,-73.58198940753937,19
669,Elgar / de l'Île-des-Sœurs,7142,45.45682318753668,-73.546804189682,14
670,LaSalle / Godin,7143,45.44693448484644,-73.57219934463501,27
671,Hickson / Wellington,7144,45.46488019614746,-73.56696957353051,27
672,Argyle / Bannantyne,7145,45.453318765468914,-73.5767751932144,15
673,St-Jacques / Guy,7146,45.491366875439965,-73.57010722160338,23
674,Métro de Castelnau (de Castelnau / St-Laurent),7147,45.53570881624427,-73.61962348222733,23
675,Papineau / Émile-Journault,7148,45.55988367688166,-73.63356828689575,35
676,15e avenue / Jean-Talon,7149,45.56190998575263,-73.59574645757675,3
681,Melville / de Maisonneuve,6437,45.48184019359366,-73.59537899494171,15
682,du Souvenir / Chomedey,7150,45.55188644388879,-73.74444007873535,15
683,Parc Chopin (Dumouchel / Tessier),7151,45.570726609302966,-73.7370860205192,19
684,Parc St-Claude (8e rue / 7e avenue),7152,45.56223427759079,-73.69167619946893,19
685,Parc Henri-Dunant (Léger / Henri-Dunant),7153,45.56843961893042,-73.6752020941276,19
686,Robin / 15e rue,8080,45.559495502858624,-73.6989176273346,15
687,Legrand / Cartier,8081,45.55233742797057,-73.70748996734619,15
688,Laird / Glencoe,8082,45.50619158460727,-73.64230799681536,15
692,de Gaspé / Marmier,8056,45.529668174024685,-73.60166944563389,21
693,Cégep Marie-Victorin,8052,45.617499783128075,-73.60601127147675,11
694,Hôpital Sacré-Coeur (Forbes),8012,45.531943590076395,-73.71360540390015,13
695,Pratt / Bates,8015,45.51694782364431,-73.62631559371948,15
696,Parc Van Horne (de la Peltrie / de Westbury),8017,45.490494421832885,-73.63852232694626,15
697,St-Rémi / Ste Émilie,8040,45.46976641104386,-73.58925875287241,27
698,de Léry / Sherbrooke,8044,45.54099971663243,-73.55826258659361,23
699,Parc de Beauséjour (Gouin / Henri-d'Arles),8010,45.526765,-73.730423,19
700,Parc nature de l'Île-de-la-Visitation (Gouin / de Bruchési),8011,45.57833184623925,-73.65595400333405,19
701,Parc Henri-Julien (Legendre / Henri-Julien),8013,45.5460355901214,-73.6465984582901,19
702,Parc Georges St-Pierre (Oxford / Upper Lachine),8018,45.46887995929811,-73.60943913459778,19
703,Parc de la Confédération (Fielding / West Hill),8019,45.471881993586074,-73.64002168178558,23
704,Souligny / Desmarteau,8045,45.60444089974122,-73.51611837744713,15
705,des Ormeaux / de Grosbois,8042,45.605901731906485,-73.53436946868896,15
706,Parc MacDonald (Clanranald / Isabella),8020,45.48274245886277,-73.63497912883759,15
707,Parc Reine-Élizabeth (Penniston / Crawford),8065,45.43914465255811,-73.59173655509949,15
708,Parc Labelle (LaSalle / Henri-Duhamel),8064,45.47256100297732,-73.56998920440674,19
709,Parc Champdoré (Champdoré / de Lille),8072,45.5692509593831,-73.63642623429769,15
710,Beurling / Godin,8066,45.44791581215845,-73.58381867408752,19
711,Parc Loyola (Somerled / Doherty),8021,45.45976107571447,-73.64477455615997,19
712,Parc Villeray (Christophe-Colomb / Jarry),8076,45.54813638885782,-73.62434014678001,15
713,Champdoré / de Lorimier,8077,45.566869345371856,-73.64101678133011,15
716,Parc Marlborough (Beauzèle / Robichaud),8059,45.52234149817879,-73.72167885303497,15
717,Place Rodolphe-Rousseau (Gohier / Édouard-Laurin),8068,45.5129938566323,-73.68249848484993,25
718,Molson / William-Tremblay,8053,45.54154850456526,-73.56501236557959,15
719,Cégep André-Laurendeau (Lapierre),8029,45.43605512104547,-73.60577523708344,30
720,Terminus Newman (Airlie / Lafleur),8062,45.425059666150744,-73.64959917962551,19
721,Parc Ivan-Franko (33e avenue / Victoria),8025,45.43745998781385,-73.69353175163269,15
722,St-Antoine / 19e avenue,8027,45.43993803436114,-73.68146234754022,15
723,Louis-R.-Renaud / Armand-Frappier,8060,45.55456685087225,-73.73447299003601,27
724,Monsabré / Boileau,8043,45.571796348222385,-73.54152023792267,19
725,Monk / Biencourt,8037,45.458663192410306,-73.59602272510529,15
726,Egan / Laurendeau,8041,45.45290792768395,-73.58918591405198,15
727,Mexico / Valois,8061,45.58470514858118,-73.71925413608551,27
728,Parc Sauvé (Balzac / de Bayonne),8047,45.59836857189897,-73.63610029220581,15
729,Plessis / Logan,8063,45.5218942750191,-73.55725058932876,19
730,41e avenue / Victoria,8028,45.44053238705948,-73.70242863893507,15
731,de Côme / Jean-Talon,8058,45.58830296569168,-73.57783721439773,15
732,Lapierre / Serge,8030,45.43854405099729,-73.62021625041962,15
733,St-Antoine / de la Montagne,8070,45.49537171535007,-73.56858909130096,19
734,Métro Mont-Royal (Berri),8016,45.524369865240274,-73.5814218521773,0
735,McCulloch / de la Côte Ste-Catherine,8051,45.51577505385328,-73.60060930252075,15
736,Lacombe / Victoria,8023,45.49048314001669,-73.62913727760315,19
737,Langelier / Marie-Victorin,8048,45.61451982045293,-73.6118745803833,15
738,Parc Joseph-Robin (18e avenue / Everett),8073,45.56481129244175,-73.59580412507057,19
739,Charles-Daoust / 75e avenue,8046,45.54250587659489,-73.74095320701599,27
740,Gare d'autocars de Montréal (Berri / Ontario),8071,45.516926210319546,-73.56425732374191,15
741,De Callières / d'Auvergne,8035,45.593421978698636,-73.6690217256546,23
742,Gilford / St-Denis,8032,45.52500713558964,-73.585617095232,39
743,Parc Chenier (de l'Aréna / Chenier),8050,45.60248649638568,-73.5432904958725,19
744,Gloria / Dollard,8031,45.42971096449354,-73.633883446455,15
745,Dixie / 54e avenue,8026,45.44338026469991,-73.71789157390594,19
746,St-Ambroise / Louis-Cyr,8038,45.47519326260791,-73.58094334602356,15
747,St-Charles / Thomas-Keefer,8039,45.477605,-73.573775,23
748,Mozart / François-Foucault,8034,45.60428796520824,-73.66491794586182,23
749,Dorion / Rachel,8033,45.53163403743962,-73.56824576854706,19
750,6e avenue / Bélanger,8055,45.55456382820465,-73.59615683555603,19
751,Parc Père-Marquette ( de Bellechasse / de Lanaudière),8054,45.53935355552782,-73.59537363052368,23
752,Messier / St-Joseph,8036,45.53946063965585,-73.57605636119843,17
753,Fullum / Ontario,8067,45.5303174,-73.5548669,15
754,Travaux publics LaSalle (Cordner / Léger),8024,45.44527192876118,-73.62448364496231,15
755,8e avenue / Everett,8078,45.55776151418004,-73.60154539346695,15
756,CHU Ste-Justine (de la Côte Ste-Catherine / Hudson),8074,45.50398168549117,-73.62283945083618,37
757,Durocher / Beaumont,8075,45.52799772330074,-73.61919969320297,11
758,Sabrevois / des Récollets,8049,45.583287878804136,-73.63276362419128,15
759,Ouimet / Goineau,8014,45.57504823374693,-73.68799567222595,27
760,Ateliers municipaux de St-Laurent (Cavendish / Poirier),8069,45.506175841460966,-73.71118605136871,19
761,Rousselot / Jarry,8079,45.55081979211847,-73.62088680267334,15
762,Centre des loisirs (Tassé / Grenet),8022,45.51473429416659,-73.69144901633263,15
768,Parc St-Laurent (Salk / Thomas-Chapais),8129,45.6062348,-73.6287838,19
769,Bibliothèque du Boisé (Thimens / Todd),8146,45.50403766981151,-73.70444297790526,23
770,Parc St-Laurent (Dutrisac),8147,45.52591381815231,-73.68911147117615,19
771,Parc Beaulac (rue Élizabeth),8149,45.5200557245067,-73.67795147001743,15
772,CHSLD St-Michel (8e avenue / Jarry),8162,45.5616903,-73.610512,15
773,Parc Wilfrid-Bastien (Lacordaire / des Galets),8152,45.5864002,-73.5952181,19
775,Parc Delorme (Malouin / Laferté),8150,45.5904902,-73.5902694,19
776,Mairie d'arrondissement Montréal-Nord (Hébert / de Charleroi),8128,45.59398503487043,-73.63767206668854,21
777,Parc Luigi-Pirandello (de Bretagne / Jean-Rivard),8151,45.57940569041942,-73.60258877277374,15
778,Parc LaSalle (10e avenue / Victoria),8106,45.43805550384184,-73.67273926734924,19
779,Parc Stoney-Point (St-Joseph / 47e avenue),8105,45.43656827071224,-73.70836973190308,19
781,Bibliothèque Jean-Corbeil (Goncourt / Place Montrichard),8094,45.6027276,-73.5579303,11
782,Aréna Chaumont (Chaumont / des Ormeaux),8095,45.610926628992026,-73.54673445224762,19
783,Parc Chamberland (Dorais / de l'Église),8145,45.502989,-73.689113,19
784,Bassin olympique (Chemin du Chenal le Moyne),8096,45.5169025120042,-73.52724552154541,19
785,Parc Noel-Nord (Toupin / Keller),8144,45.51758306374252,-73.72661411762238,19
786,Parc du Bois-Franc (de l'Équateur / des Andes),8148,45.51317758246596,-73.71306091547012,19
787,Parc Grovehill (St-Antoine / Ivan-Franko),8108,45.43982382100397,-73.69487822055817,15
788,Parc Summerlea (53e avenue / St-Joseph),8109,45.43836713933041,-73.71546685695648,15
789,Parc Kirkland (des Érables / Boyer),8107,45.44606092178209,-73.65079946815968,15
790,Métro Montmorency,8083,45.55814299291968,-73.71942043304443,23
791,Métro Cartier,8084,45.56007440937141,-73.68125259876251,19
792,Parc Painter (Marcotte / Quenneville),8165,45.528630548578505,-73.67731243371964,15
793,Parc du Mail (Bois de Coulonges / du Mail),8172,45.59833498124187,-73.54596734046936,15
794,Marché Jean-Talon (Casgrain / Shamrock),8133,45.53519006163501,-73.61548215150833,26
795,2e avenue / Centrale,8131,45.43289463113104,-73.59685689210892,15
796,Métro de la Concorde (Léo-Lacombe),8091,45.5604898518365,-73.7091851234436,19
797,Bibliothèque d'Ahuntsic (Lajeunesse / Fleury),8098,45.5534000891078,-73.66225451231003,15
798,La Tour de Montréal (Pierre-de-Coubertin / Bennett),8166,45.55970526805903,-73.55155438184738,25
799,Parc d'Antioche (Place d'Antioche / St-Zotique),8097,45.59566584124368,-73.5596626996994,19
800,CCI Outremont (Dollard / Ducharme),8132,45.520019102391636,-73.61890733242035,15
801,Fabrik8 (Waverly / Jean-Talon),8153,45.53330725719417,-73.62082242965698,18
802,Terminus Le Carrefour (Terry-Fox / Le Carrefour),8090,45.56842034638607,-73.74687284231186,23
803,LaSalle / 90e avenue,8126,45.41774583815495,-73.64518761634827,15
804,test514,test514,0.0,0.0,0
806,Parc Beaubien Outremont (Stuart / St-Viateur),8138,45.515969694922276,-73.60827505588531,15
807,HEC (Decelles / Jean-Brillant),8117,45.497722829899764,-73.61925333738327,25
808,Parc Olympique (Pie-IX / Sherbrooke),8142,45.554824549823,-73.55370283126831,5
809,de Chenonceau / Chomedey,9002,45.56157,-73.75448,23
810,Mayfield / St-Martin O,9003,45.553017541248565,-73.75822663307189,19
811,9100,9100,0.0,0.0,0
813,9102,9102,0.0,0.0,0
814,9103,9103,0.0,0.0,0
815,Parc Hébert (Colbert / Provencher),8210,45.57237805962001,-73.59370462596415,15
816,Parc Courbertin (Valéry / Perrier),8085,45.5839877335556,-73.60809333622456,19
817,Parc Garibaldi (Liénart / Bélanger),8155,45.586476480180046,-73.570396900177,15
818,Alton-Goldbloom / Notre-Dame,9004,45.54502601340392,-73.73787671327591,19
819,Parc Charleroi (Alfred / Louis-Francoeur),8154,45.59953472156509,-73.62360253930092,15
820,Parc Aimé-Léonard (Gouin / Ste-Gertrude),8127,45.60835820969716,-73.63850623369217,17
821,Parc Maurice-Bélanger (Hébert / Denommée),8195,45.5877138098252,-73.63171823322773,15
822,St-Hubert / de Maisonneuve (sud),8110,45.51586835126322,-73.56008380651474,19
823,CÉGEP du Vieux-Montréal (Ontario / de l'Hôtel-de-Ville),8167,45.51401222645779,-73.56598667800426,15
824,Complexe sportif Claude Robillard (Émile-Journault),8185,45.55298554800475,-73.6386477202177,25
825,Gare St-Michel / Montréal-Nord (Pie-IX / 56e),8193,45.583197821913785,-73.62978704273701,15
826,IUSMM (Georges-Villeneuve),8124,45.58661042838809,-73.52969169616699,27
827,Parc Eusèbe-Ménard (Gouin / St-Vital),8125,45.59253950875074,-73.64874824881554,18
828,CHSLD Joseph-François-Perrault (St-Michel / Everett),8159,45.55969734528566,-73.60145956277847,18
829,Mairie d'arrondissement St-Laurent (Beaudet / Marcel-Laurin),8194,45.50682415585665,-73.68184804916382,27
830,Hochelaga / de l'Assomption,8198,45.566883091095185,-73.53943817317486,23
831,Gare Montpellier (Muir / de la Côte-Vertu),8205,45.52374047147138,-73.67169924080372,15
832,Bibliothèque du Vieux-St-Laurent (de l'Église / Filiatrault),8158,45.512843286755896,-73.67612421512604,18
833,Gare du Ruisseau (Dutrisac / Henri-Bourassa),8206,45.52814371649508,-73.69254536926746,19
834,Métro St-Laurent 2 ( de Maisonneuve / St-Laurent),8188,45.51076983368672,-73.56493726372719,23
835,Parc Nicolas-Tillemont (des Érables / Villeray),8207,45.55463653358596,-73.61255215771962,18
836,BAnQ (Berri),8209,45.51601387670667,-73.56291957199574,15
837,Parc Ottawa (de Belleville / Fleury),8130,45.58116,-73.6412434,15
838,CHSLD Robert Cliche (de Bellechasse / 16e avenue),8121,45.557568,-73.579191,15
839,Square Viger (Berri / Viger),8208,45.5121682576952,-73.55481594800949,30
840,Collège de Rosemont (Beaubien / 15e avenue),8204,45.55774990838239,-73.58380123972893,26
841,Parc Armand-Bombardier (Perras / Armand-Bombardier),8196,45.6391233,-73.5961118,15
842,du Mans / des Alouettes,9005,45.58033485941123,-73.68471868336201,23
843,Pierre-Péladeau / du Centropolis,9007,45.56251175219665,-73.74370649456978,23
844,Jeanne-Mance / St-Martin O,9009,45.557421482389636,-73.7480603903532,23
845,de Grenoble / de Cassis,9010,45.57889719514108,-73.70492711663245,19
846,Le Corbusier / St-Martin O,9008,45.565006717407506,-73.7319054454565,19
847,McNamara / St-Martin O,9006,45.57120355585774,-73.72351884841918,19
848,Préfontaine / Marcel-Pépin,8199,45.54365380040509,-73.55942063033581,19
849,Keller / Cousineau,8203,45.52355020292929,-73.7138856947422,15
850,de Chambly / de Rouen,8118,45.54710313981358,-73.54892447590828,11
851,Hôpital Général Juif (de la Côte-Ste-Catherine / Légaré),8191,45.49624140543275,-73.62983867526054,26
852,Parc Ernest-Rouleau (Gouin),8140,45.63131269772338,-73.61631497740746,19
853,8115,8115,0.0,0.0,3
854,Square Nelligan (des Appalaches / Alexis-Nihon),8200,45.51431824920811,-73.70799824595451,15
855,Parc Honoré-Mercier (Notre-Dame / Liébert),8192,45.59275253568305,-73.51035632193089,27
856,Test ECO5.1.1,Test ECO5.1.1,0.0,0.0,0
857,de la Côte-Ste-Catherine / Decelles,8135,45.50094101588506,-73.62563699483871,19
858,8099,8099,0.0,0.0,3
859,8139,8139,0.0,0.0,3
860,Grenet / Poirier,8202,45.51871924623225,-73.69875401258469,15
861,8101,8101,0.0,0.0,2
862,Gare Lachine (Sir George Simpson / 48e avenue),8187,45.447821314280105,-73.71091783046722,15
863,8100,8100,0.0,0.0,3
