station_id,num_bikes_available,num_ebikes_available,num_bikes_disabled,num_docks_available,num_docks_disabled,is_installed,is_renting,is_returning,last_reported,converted_last_reported
1,22,1,1,12,0,t,t,t,1682692945,2023-04-28 10:42:25
2,8,0,0,11,0,t,t,t,1682692613,2023-04-28 10:36:53
3,0,0,0,3,0,f,f,t,1669023452,2022-11-21 04:37:32
4,16,0,1,6,0,t,t,t,1682691007,2023-04-28 10:10:07
5,2,0,0,17,0,t,t,t,1682692518,2023-04-28 10:35:18
6,0,0,0,11,0,f,f,t,1668765195,2022-11-18 04:53:15
7,7,1,1,23,0,t,t,t,1682693067,2023-04-28 10:44:27
8,14,0,0,33,0,t,t,t,1682693351,2023-04-28 10:49:11
9,7,3,1,14,1,t,t,t,1682693275,2023-04-28 10:47:55
10,4,1,0,11,0,t,t,t,1682691132,2023-04-28 10:12:12
11,0,0,0,3,0,f,f,t,1669369070,2022-11-25 04:37:50
12,0,0,0,3,0,f,f,t,1669022548,2022-11-21 04:22:28
13,16,1,0,15,0,t,t,t,1682693263,2023-04-28 10:47:43
14,20,4,1,22,0,t,t,t,1682693386,2023-04-28 10:49:46
15,14,4,0,12,0,t,t,t,1682692575,2023-04-28 10:36:15
16,23,1,0,4,0,t,t,t,1682693110,2023-04-28 10:45:10
17,14,0,0,17,0,t,t,t,1682693275,2023-04-28 10:47:55
18,1,0,1,17,0,t,t,t,1682693279,2023-04-28 10:47:59
19,23,0,0,4,0,t,t,t,1682693110,2023-04-28 10:45:10
20,0,0,0,3,0,f,f,t,1669022247,2022-11-21 04:17:27
21,19,1,0,8,0,t,t,t,1682693391,2023-04-28 10:49:51
22,16,4,2,33,0,t,t,t,1682693278,2023-04-28 10:47:58
23,10,1,1,12,0,t,t,t,1682691285,2023-04-28 10:14:45
24,2,0,5,7,1,t,t,t,1682693286,2023-04-28 10:48:06
25,9,1,0,72,0,t,t,t,1682693371,2023-04-28 10:49:31
26,13,2,2,12,0,t,t,t,1682693336,2023-04-28 10:48:56
28,12,1,0,7,0,t,t,t,1682691079,2023-04-28 10:11:19
30,9,2,0,9,0,t,t,t,1682690665,2023-04-28 10:04:25
31,4,0,1,24,0,t,t,t,1682693389,2023-04-28 10:49:49
34,6,2,0,28,0,t,t,t,1682691929,2023-04-28 10:25:29
35,7,1,4,32,0,t,t,t,1682693375,2023-04-28 10:49:35
36,14,3,0,9,0,t,t,t,1682693277,2023-04-28 10:47:57
37,12,2,0,7,0,t,t,t,1682692123,2023-04-28 10:28:43
38,22,2,1,0,0,t,t,t,1682691200,2023-04-28 10:13:20
39,13,2,1,9,0,t,t,t,1682691502,2023-04-28 10:18:22
40,22,4,0,9,0,t,t,t,1682692941,2023-04-28 10:42:21
41,5,0,0,22,0,t,t,t,1682693012,2023-04-28 10:43:32
42,9,7,0,10,0,t,t,t,1682692995,2023-04-28 10:43:15
43,6,1,1,16,0,t,t,t,1682692669,2023-04-28 10:37:49
45,13,0,0,17,1,t,t,t,1682693089,2023-04-28 10:44:49
46,7,1,0,20,0,t,t,t,1682693112,2023-04-28 10:45:12
47,11,0,0,8,0,t,t,t,1682692962,2023-04-28 10:42:42
48,24,1,0,23,0,t,t,t,1682693216,2023-04-28 10:46:56
49,0,0,0,7,0,f,t,t,1667225732,2022-10-31 10:15:32
50,4,0,0,15,0,t,t,t,1682692963,2023-04-28 10:42:43
51,26,1,0,44,0,t,t,t,1682693295,2023-04-28 10:48:15
52,17,10,2,8,0,t,t,t,1682693390,2023-04-28 10:49:50
55,16,4,0,10,0,t,t,t,1682693127,2023-04-28 10:45:27
56,7,3,0,28,0,t,t,t,1682692237,2023-04-28 10:30:37
57,27,5,1,11,0,t,t,t,1682692584,2023-04-28 10:36:24
58,4,1,0,29,0,t,t,t,1682693389,2023-04-28 10:49:49
59,25,7,0,2,0,t,t,t,1682693279,2023-04-28 10:47:59
60,28,1,0,3,0,t,t,t,1682691865,2023-04-28 10:24:25
61,8,0,1,38,0,t,t,t,1682692930,2023-04-28 10:42:10
62,33,8,0,16,0,t,t,t,1682693264,2023-04-28 10:47:44
63,13,0,0,6,0,t,t,t,1682692225,2023-04-28 10:30:25
64,2,0,0,17,0,t,t,t,1682693003,2023-04-28 10:43:23
65,17,6,0,6,0,t,t,t,1682687065,2023-04-28 09:04:25
67,15,3,2,22,0,t,t,t,1682693354,2023-04-28 10:49:14
68,23,3,1,13,0,t,t,t,1682692319,2023-04-28 10:31:59
69,1,0,0,14,0,t,t,t,1682692627,2023-04-28 10:37:07
71,15,3,0,12,0,t,t,t,1682693180,2023-04-28 10:46:20
72,13,3,2,16,0,t,t,t,1682693280,2023-04-28 10:48:00
73,6,0,1,24,0,t,t,t,1682693235,2023-04-28 10:47:15
74,6,0,1,12,0,t,t,t,1682692052,2023-04-28 10:27:32
75,9,4,1,29,0,t,t,t,1682692811,2023-04-28 10:40:11
76,0,0,0,3,0,f,f,t,1669368165,2022-11-25 04:22:45
77,9,0,2,36,0,t,t,t,1682693252,2023-04-28 10:47:32
78,19,3,0,4,0,t,t,t,1682693105,2023-04-28 10:45:05
79,9,1,0,8,0,t,t,t,1682692882,2023-04-28 10:41:22
80,11,0,0,7,1,t,t,t,1682693352,2023-04-28 10:49:12
81,16,1,1,14,0,t,t,t,1682692719,2023-04-28 10:38:39
82,23,10,0,4,0,t,t,t,1682693335,2023-04-28 10:48:55
83,11,6,0,24,0,t,t,t,1682692952,2023-04-28 10:42:32
84,7,2,2,18,0,t,t,t,1682693337,2023-04-28 10:48:57
85,11,0,0,12,0,t,t,t,1682692819,2023-04-28 10:40:19
86,16,1,1,6,0,t,t,t,1682693361,2023-04-28 10:49:21
87,13,0,0,6,0,t,t,t,1682693065,2023-04-28 10:44:25
88,5,0,0,34,0,t,t,t,1682693242,2023-04-28 10:47:22
89,17,6,0,22,0,t,t,t,1682693075,2023-04-28 10:44:35
90,2,2,0,24,0,t,t,t,1682693358,2023-04-28 10:49:18
91,13,0,0,2,0,t,t,t,1682690861,2023-04-28 10:07:41
92,13,1,0,10,0,t,t,t,1682692700,2023-04-28 10:38:20
93,0,0,0,4,0,f,f,t,1669369070,2022-11-25 04:37:50
94,5,1,0,14,0,t,t,t,1682692616,2023-04-28 10:36:56
95,13,4,0,13,1,t,t,t,1682691097,2023-04-28 10:11:37
96,16,0,0,15,0,t,t,t,1682692958,2023-04-28 10:42:38
97,6,1,1,12,0,t,t,t,1682692766,2023-04-28 10:39:26
98,11,3,3,5,0,t,t,t,1682691868,2023-04-28 10:24:28
99,0,0,0,3,0,f,f,t,1668851699,2022-11-19 04:54:59
100,4,0,0,19,0,t,t,t,1682692168,2023-04-28 10:29:28
101,4,0,0,15,0,t,t,t,1682693020,2023-04-28 10:43:40
102,9,1,1,9,0,t,t,t,1682691120,2023-04-28 10:12:00
103,7,0,2,16,0,t,t,t,1682693370,2023-04-28 10:49:30
104,11,1,0,12,0,t,t,t,1682693074,2023-04-28 10:44:34
105,16,1,1,2,0,t,t,t,1682692541,2023-04-28 10:35:41
106,11,2,0,10,0,t,t,t,1682692811,2023-04-28 10:40:11
107,5,1,0,18,0,t,t,t,1682693122,2023-04-28 10:45:22
108,7,1,1,27,0,t,t,t,1682690440,2023-04-28 10:00:40
109,15,0,1,7,0,t,t,t,1682693378,2023-04-28 10:49:38
110,1,1,0,26,0,t,t,t,1682690631,2023-04-28 10:03:51
111,1,0,0,18,0,t,t,t,1682691767,2023-04-28 10:22:47
112,4,0,0,15,0,t,t,t,1682692947,2023-04-28 10:42:27
113,15,1,1,3,0,t,t,t,1682693214,2023-04-28 10:46:54
114,0,0,0,23,0,f,t,t,1682339561,2023-04-24 08:32:41
115,3,0,1,23,0,t,t,t,1682693233,2023-04-28 10:47:13
116,9,1,1,13,0,t,t,t,1682692103,2023-04-28 10:28:23
117,1,0,0,10,0,t,t,t,1682692519,2023-04-28 10:35:19
118,1,0,1,13,0,t,t,t,1682692555,2023-04-28 10:35:55
119,0,0,0,1,0,f,f,t,1669368166,2022-11-25 04:22:46
120,2,1,0,17,0,t,t,t,1682693374,2023-04-28 10:49:34
121,9,2,1,9,0,t,t,t,1682693366,2023-04-28 10:49:26
122,16,0,0,9,0,t,t,t,1682693212,2023-04-28 10:46:52
123,21,1,0,26,0,t,t,t,1682692018,2023-04-28 10:26:58
124,14,1,2,15,0,t,t,t,1682693118,2023-04-28 10:45:18
125,11,1,0,12,0,t,t,t,1682692969,2023-04-28 10:42:49
126,15,3,1,7,0,t,t,t,1682691252,2023-04-28 10:14:12
127,0,0,0,23,0,t,t,t,1682692168,2023-04-28 10:29:28
128,3,1,0,12,4,t,t,t,1682693219,2023-04-28 10:46:59
129,9,0,1,9,0,t,t,t,1682691860,2023-04-28 10:24:20
130,17,3,0,10,0,t,t,t,1682692668,2023-04-28 10:37:48
131,7,1,1,15,0,t,t,t,1682693095,2023-04-28 10:44:55
132,14,6,0,5,0,t,t,t,1682692279,2023-04-28 10:31:19
133,5,3,0,26,0,t,t,t,1682691845,2023-04-28 10:24:05
134,19,2,0,0,0,t,t,t,1682693069,2023-04-28 10:44:29
135,4,2,2,9,0,t,t,t,1682691341,2023-04-28 10:15:41
136,25,1,1,9,0,t,t,t,1682690692,2023-04-28 10:04:52
137,15,0,1,7,0,t,t,t,1682693234,2023-04-28 10:47:14
138,5,0,1,16,1,t,t,t,1682693070,2023-04-28 10:44:30
139,4,0,0,15,0,t,t,t,1682693005,2023-04-28 10:43:25
140,6,1,0,9,0,t,t,t,1682691384,2023-04-28 10:16:24
141,6,0,1,8,0,t,t,t,1682693073,2023-04-28 10:44:33
142,0,0,0,3,0,f,f,t,1669367863,2022-11-25 04:17:43
143,26,1,0,4,0,t,t,t,1682693191,2023-04-28 10:46:31
144,18,1,0,11,0,t,t,t,1682692457,2023-04-28 10:34:17
145,15,1,2,5,0,t,t,t,1682692994,2023-04-28 10:43:14
146,12,1,0,7,0,t,t,t,1682692912,2023-04-28 10:41:52
147,14,0,0,5,0,t,t,t,1682692186,2023-04-28 10:29:46
148,0,0,0,3,0,f,f,t,1669367260,2022-11-25 04:07:40
149,7,3,0,8,0,t,t,t,1682693375,2023-04-28 10:49:35
150,13,0,0,10,0,t,t,t,1682693262,2023-04-28 10:47:42
151,6,1,2,7,0,t,t,t,1682693309,2023-04-28 10:48:29
152,15,0,2,6,0,t,t,t,1682692792,2023-04-28 10:39:52
153,16,0,0,7,0,t,t,t,1682692244,2023-04-28 10:30:44
154,15,6,1,7,0,t,t,t,1682693146,2023-04-28 10:45:46
155,25,3,0,6,0,t,t,t,1682691757,2023-04-28 10:22:37
156,11,1,0,8,0,t,t,t,1682692757,2023-04-28 10:39:17
157,14,0,0,9,0,t,t,t,1682693384,2023-04-28 10:49:44
158,10,0,1,4,0,t,t,t,1682687522,2023-04-28 09:12:02
159,2,0,0,9,0,t,t,t,1682691155,2023-04-28 10:12:35
160,6,1,0,13,0,t,t,t,1682693072,2023-04-28 10:44:32
161,8,0,1,10,0,t,t,t,1682691248,2023-04-28 10:14:08
162,19,5,1,11,0,t,t,t,1682692581,2023-04-28 10:36:21
163,0,0,0,27,0,t,t,t,1682692754,2023-04-28 10:39:14
164,11,0,0,12,0,t,t,t,1682693247,2023-04-28 10:47:27
165,12,0,0,19,0,t,t,t,1682693311,2023-04-28 10:48:31
166,0,0,3,20,0,t,t,t,1682693260,2023-04-28 10:47:40
167,1,0,1,20,1,t,t,t,1682693365,2023-04-28 10:49:25
168,0,0,0,0,0,f,t,t,86400,1970-01-01 19:00:00
169,19,2,1,7,0,t,t,t,1682692811,2023-04-28 10:40:11
170,6,2,0,17,0,t,t,t,1682693389,2023-04-28 10:49:49
171,10,0,0,13,0,t,t,t,1682693381,2023-04-28 10:49:41
173,21,0,0,18,0,t,t,t,1682693267,2023-04-28 10:47:47
174,2,2,1,23,0,t,t,t,1682692663,2023-04-28 10:37:43
175,0,0,1,26,0,t,t,t,1682692513,2023-04-28 10:35:13
176,1,0,0,18,0,t,t,t,1682693116,2023-04-28 10:45:16
177,9,0,1,13,0,t,t,t,1682692842,2023-04-28 10:40:42
178,7,0,0,8,0,t,t,t,1682691902,2023-04-28 10:25:02
179,11,3,0,4,0,t,t,t,1682692952,2023-04-28 10:42:32
180,3,0,0,32,0,t,t,t,1682690536,2023-04-28 10:02:16
181,11,3,0,20,0,t,t,t,1682692200,2023-04-28 10:30:00
182,4,1,1,14,0,t,t,t,1682693121,2023-04-28 10:45:21
183,14,1,1,0,0,t,t,t,1682692804,2023-04-28 10:40:04
184,33,0,0,6,0,t,t,t,1682693375,2023-04-28 10:49:35
185,7,4,0,8,0,t,t,t,1682692194,2023-04-28 10:29:54
186,10,0,3,6,0,t,t,t,1682692776,2023-04-28 10:39:36
187,21,1,0,2,0,t,t,t,1682693171,2023-04-28 10:46:11
188,3,0,0,24,0,t,t,t,1682691703,2023-04-28 10:21:43
189,3,0,1,11,0,t,t,t,1682691348,2023-04-28 10:15:48
190,3,0,0,20,0,t,t,t,1682693328,2023-04-28 10:48:48
191,0,0,0,3,0,f,t,t,1681201300,2023-04-11 04:21:40
192,1,0,0,22,0,t,t,t,1682690646,2023-04-28 10:04:06
193,8,1,0,11,0,t,t,t,1682693289,2023-04-28 10:48:09
194,14,2,1,8,0,t,t,t,1682693071,2023-04-28 10:44:31
195,2,0,0,21,0,t,t,t,1682689367,2023-04-28 09:42:47
196,0,0,0,0,0,f,t,t,86400,1970-01-01 19:00:00
197,14,2,0,5,0,t,t,t,1682693288,2023-04-28 10:48:08
198,12,2,0,7,0,t,t,t,1682693297,2023-04-28 10:48:17
199,3,3,0,12,0,t,t,t,1682693365,2023-04-28 10:49:25
200,11,3,1,3,0,t,t,t,1682693257,2023-04-28 10:47:37
201,6,4,0,17,0,t,t,t,1682692005,2023-04-28 10:26:45
202,16,7,0,11,0,t,t,t,1682693071,2023-04-28 10:44:31
203,17,0,0,14,0,t,t,t,1682692422,2023-04-28 10:33:42
204,4,3,2,25,0,t,t,t,1682693177,2023-04-28 10:46:17
205,1,1,0,10,0,t,t,t,1682690805,2023-04-28 10:06:45
206,7,2,0,15,0,t,t,t,1682693370,2023-04-28 10:49:30
207,21,4,2,4,0,t,t,t,1682693273,2023-04-28 10:47:53
208,14,2,2,10,0,t,t,t,1682692950,2023-04-28 10:42:30
209,13,1,0,10,0,t,t,t,1682693145,2023-04-28 10:45:45
210,2,2,1,20,0,t,t,t,1682693092,2023-04-28 10:44:52
211,11,3,1,19,0,t,t,t,1682693093,2023-04-28 10:44:53
212,20,0,1,10,0,t,t,t,1682692857,2023-04-28 10:40:57
213,32,8,0,3,0,t,t,t,1682693080,2023-04-28 10:44:40
214,19,18,4,20,0,t,t,t,1682693314,2023-04-28 10:48:34
215,9,3,0,14,0,t,t,t,1682693013,2023-04-28 10:43:33
216,15,0,1,3,0,t,t,t,1682692256,2023-04-28 10:30:56
217,2,0,1,20,0,t,t,t,1682693348,2023-04-28 10:49:08
218,20,12,1,13,1,t,t,t,1682693381,2023-04-28 10:49:41
219,2,0,1,20,0,t,t,t,1682691809,2023-04-28 10:23:29
220,21,0,1,11,0,t,t,t,1682693290,2023-04-28 10:48:10
221,0,0,0,15,0,t,t,t,1682692762,2023-04-28 10:39:22
222,2,1,1,16,0,t,t,t,1682691631,2023-04-28 10:20:31
223,0,0,0,4,0,f,f,t,1668762475,2022-11-18 04:07:55
224,8,3,0,15,0,t,t,t,1682693311,2023-04-28 10:48:31
225,11,4,4,8,0,t,t,t,1682693038,2023-04-28 10:43:58
226,4,1,3,12,0,t,t,t,1682693372,2023-04-28 10:49:32
227,12,3,1,10,0,t,t,t,1682693382,2023-04-28 10:49:42
228,0,0,0,0,0,f,t,t,86400,1970-01-01 19:00:00
229,30,12,1,0,0,t,t,t,1682693138,2023-04-28 10:45:38
230,8,1,0,15,0,t,t,t,1682692857,2023-04-28 10:40:57
232,12,0,0,11,0,t,t,t,1682692455,2023-04-28 10:34:15
233,16,1,0,7,0,t,t,t,1682693001,2023-04-28 10:43:21
234,7,1,0,8,0,t,t,t,1682690220,2023-04-28 09:57:00
236,3,3,0,24,0,t,t,t,1682689878,2023-04-28 09:51:18
237,6,0,0,9,0,t,t,t,1682693088,2023-04-28 10:44:48
239,17,11,1,9,0,t,t,t,1682693260,2023-04-28 10:47:40
241,12,6,0,11,0,t,t,t,1682693211,2023-04-28 10:46:51
242,5,0,1,17,0,t,t,t,1682691460,2023-04-28 10:17:40
243,28,6,1,1,1,t,t,t,1682693367,2023-04-28 10:49:27
244,9,0,1,21,0,t,t,t,1682693240,2023-04-28 10:47:20
245,17,2,1,5,0,t,t,t,1682693356,2023-04-28 10:49:16
246,17,1,0,6,0,t,t,t,1682693160,2023-04-28 10:46:00
247,12,0,1,10,0,t,t,t,1682692633,2023-04-28 10:37:13
248,12,8,1,10,0,t,t,t,1682693057,2023-04-28 10:44:17
249,9,0,0,10,0,t,t,t,1682692401,2023-04-28 10:33:21
250,11,5,2,10,0,t,t,t,1682693008,2023-04-28 10:43:28
251,3,1,0,16,0,t,t,t,1682693282,2023-04-28 10:48:02
253,8,1,0,11,0,t,t,t,1682692361,2023-04-28 10:32:41
254,19,7,1,19,0,t,t,t,1682693058,2023-04-28 10:44:18
255,0,0,0,3,0,f,f,t,1669454038,2022-11-26 04:13:58
256,5,0,2,16,0,t,t,t,1682692844,2023-04-28 10:40:44
257,4,1,0,15,0,t,t,t,1682692958,2023-04-28 10:42:38
258,2,2,1,16,0,t,t,t,1682686809,2023-04-28 09:00:09
259,7,4,1,3,0,t,t,t,1682692888,2023-04-28 10:41:28
260,10,1,0,9,0,t,t,t,1682692982,2023-04-28 10:43:02
261,0,0,0,3,0,f,f,t,1669454944,2022-11-26 04:29:04
262,7,2,2,16,1,t,t,t,1682693385,2023-04-28 10:49:45
263,6,1,0,9,0,t,t,t,1682693390,2023-04-28 10:49:50
264,4,2,1,14,0,t,t,t,1682693331,2023-04-28 10:48:51
265,3,0,0,12,0,t,t,t,1682692527,2023-04-28 10:35:27
266,1,0,1,17,0,t,t,t,1682692444,2023-04-28 10:34:04
267,11,1,0,4,0,t,t,t,1682683458,2023-04-28 08:04:18
268,11,4,0,8,0,t,t,t,1682693388,2023-04-28 10:49:48
269,13,0,0,10,0,t,t,t,1682692560,2023-04-28 10:36:00
270,13,1,1,9,0,t,t,t,1682692098,2023-04-28 10:28:18
271,0,0,0,3,0,f,f,t,1669196716,2022-11-23 04:45:16
272,3,1,0,20,0,t,t,t,1682693385,2023-04-28 10:49:45
273,7,0,1,7,0,t,t,t,1682693262,2023-04-28 10:47:42
274,12,0,0,7,0,t,t,t,1682691215,2023-04-28 10:13:35
275,0,0,0,3,0,f,f,t,1669111161,2022-11-22 04:59:21
276,13,5,0,14,0,t,t,t,1682693200,2023-04-28 10:46:40
277,22,1,1,0,0,t,t,t,1682692787,2023-04-28 10:39:47
278,4,2,0,27,0,t,t,t,1682693215,2023-04-28 10:46:55
279,13,2,1,5,0,t,t,t,1682693020,2023-04-28 10:43:40
280,28,0,1,2,0,t,t,t,1682692936,2023-04-28 10:42:16
281,15,2,1,3,0,t,t,t,1682692996,2023-04-28 10:43:16
282,5,5,0,14,0,t,t,t,1682692642,2023-04-28 10:37:22
283,0,0,0,15,0,f,f,t,1668850780,2022-11-19 04:39:40
284,2,2,0,9,0,t,t,t,1682692107,2023-04-28 10:28:27
285,16,5,0,3,0,t,t,t,1682693384,2023-04-28 10:49:44
286,4,4,2,17,0,t,t,t,1682693170,2023-04-28 10:46:10
287,3,0,0,16,0,t,t,t,1682690917,2023-04-28 10:08:37
288,3,1,1,11,0,t,t,t,1682692865,2023-04-28 10:41:05
289,10,1,0,17,0,t,t,t,1682693349,2023-04-28 10:49:09
290,3,0,1,31,0,t,t,t,1682692706,2023-04-28 10:38:26
291,5,0,0,22,0,t,t,t,1682693110,2023-04-28 10:45:10
292,8,2,0,11,0,t,t,t,1682693242,2023-04-28 10:47:22
293,13,2,1,5,0,t,t,t,1682692967,2023-04-28 10:42:47
294,20,12,0,3,0,t,t,t,1682693391,2023-04-28 10:49:51
297,0,0,0,3,0,f,f,t,1668764582,2022-11-18 04:43:02
301,0,0,0,7,0,f,f,t,1668610279,2022-11-16 09:51:19
302,8,0,0,14,1,t,t,t,1682693275,2023-04-28 10:47:55
303,13,0,0,5,1,t,t,t,1682691709,2023-04-28 10:21:49
304,10,0,0,5,0,t,t,t,1682693381,2023-04-28 10:49:41
305,3,0,0,16,0,t,t,t,1682693036,2023-04-28 10:43:56
306,2,2,1,28,0,t,t,t,1682692912,2023-04-28 10:41:52
307,13,1,1,9,0,t,t,t,1682692825,2023-04-28 10:40:25
308,13,1,0,4,0,t,t,t,1682693299,2023-04-28 10:48:19
309,14,0,0,1,0,t,t,t,1682693274,2023-04-28 10:47:54
311,6,0,1,8,0,t,t,t,1682691731,2023-04-28 10:22:11
312,0,0,0,0,3,f,f,t,1669042376,2022-11-21 09:52:56
313,14,1,0,9,0,t,t,t,1682685811,2023-04-28 08:43:31
314,18,4,2,19,0,t,t,t,1682693242,2023-04-28 10:47:22
315,2,0,0,17,0,t,t,t,1682693028,2023-04-28 10:43:48
316,6,0,0,13,0,t,t,t,1682693259,2023-04-28 10:47:39
317,17,4,1,13,0,t,t,t,1682693381,2023-04-28 10:49:41
318,13,1,0,10,0,t,t,t,1682686939,2023-04-28 09:02:19
319,9,0,2,12,0,t,t,t,1682693107,2023-04-28 10:45:07
320,10,0,2,7,0,t,t,t,1682692793,2023-04-28 10:39:53
321,7,0,2,22,0,t,t,t,1682693392,2023-04-28 10:49:52
322,14,4,0,5,0,t,t,t,1682692518,2023-04-28 10:35:18
323,11,0,0,8,0,t,t,t,1682691824,2023-04-28 10:23:44
324,0,0,0,3,0,f,f,t,1669197020,2022-11-23 04:50:20
325,13,0,0,14,0,t,t,t,1682693148,2023-04-28 10:45:48
327,19,0,0,4,0,t,t,t,1682693384,2023-04-28 10:49:44
328,16,3,0,7,0,t,t,t,1682692334,2023-04-28 10:32:14
329,16,2,0,39,0,t,t,t,1682692949,2023-04-28 10:42:29
330,14,5,0,8,0,t,t,t,1682692992,2023-04-28 10:43:12
331,13,2,2,8,0,t,t,t,1682692597,2023-04-28 10:36:37
332,5,0,0,14,0,t,t,t,1682692801,2023-04-28 10:40:01
333,4,4,1,18,0,t,t,t,1682693369,2023-04-28 10:49:29
334,0,0,0,3,0,f,f,t,1669196716,2022-11-23 04:45:16
335,8,2,1,10,0,t,t,t,1682692333,2023-04-28 10:32:13
336,12,8,1,10,0,t,t,t,1682692599,2023-04-28 10:36:39
337,0,0,0,3,0,f,f,t,1669111160,2022-11-22 04:59:20
338,5,0,0,10,0,t,t,t,1682692109,2023-04-28 10:28:29
339,5,2,0,18,0,t,t,t,1682693322,2023-04-28 10:48:42
340,3,1,1,19,0,t,t,t,1682692668,2023-04-28 10:37:48
341,5,0,0,14,0,t,t,t,1682692932,2023-04-28 10:42:12
342,0,0,0,15,0,t,t,t,1682692614,2023-04-28 10:36:54
343,14,0,2,3,0,t,t,t,1682692053,2023-04-28 10:27:33
344,4,0,0,11,0,t,t,t,1682691956,2023-04-28 10:25:56
345,0,0,1,22,0,t,t,t,1682619051,2023-04-27 14:10:51
346,0,0,0,4,0,f,f,t,1669196718,2022-11-23 04:45:18
348,11,7,1,11,0,t,t,t,1682692614,2023-04-28 10:36:54
349,5,2,1,9,0,t,t,t,1682690580,2023-04-28 10:03:00
350,5,0,1,21,0,t,t,t,1682692539,2023-04-28 10:35:39
351,0,0,0,7,0,f,f,t,1668851081,2022-11-19 04:44:41
355,0,0,0,3,0,f,f,t,1669196413,2022-11-23 04:40:13
356,1,1,1,13,0,t,t,t,1682691998,2023-04-28 10:26:38
357,0,0,0,4,0,f,f,t,1669195811,2022-11-23 04:30:11
358,3,2,0,20,0,t,t,t,1682692745,2023-04-28 10:39:05
359,10,2,0,13,0,t,t,t,1682691872,2023-04-28 10:24:32
360,11,1,0,12,0,t,t,t,1682687447,2023-04-28 09:10:47
361,13,2,1,9,0,t,t,t,1682692635,2023-04-28 10:37:15
362,4,1,0,11,0,t,t,t,1682692583,2023-04-28 10:36:23
363,13,0,0,14,0,t,t,t,1682693352,2023-04-28 10:49:12
364,6,0,0,9,0,t,t,t,1682692826,2023-04-28 10:40:26
365,14,0,0,9,0,t,t,t,1682693179,2023-04-28 10:46:19
366,1,0,0,14,0,t,t,t,1682692406,2023-04-28 10:33:26
367,8,5,1,10,0,t,t,t,1682691062,2023-04-28 10:11:02
368,16,1,0,7,0,t,t,t,1682692568,2023-04-28 10:36:08
370,4,3,1,18,0,t,t,t,1682693287,2023-04-28 10:48:07
371,8,1,0,11,0,t,t,t,1682692186,2023-04-28 10:29:46
372,16,1,2,9,0,t,t,t,1682693264,2023-04-28 10:47:44
373,8,3,1,17,1,t,t,t,1682693381,2023-04-28 10:49:41
374,3,1,3,12,1,t,t,t,1682693353,2023-04-28 10:49:13
375,12,1,0,15,0,t,t,t,1682693390,2023-04-28 10:49:50
376,12,0,1,26,0,t,t,t,1682693387,2023-04-28 10:49:47
377,5,1,0,22,0,t,t,t,1682692626,2023-04-28 10:37:06
378,6,0,0,17,0,t,t,t,1682692171,2023-04-28 10:29:31
379,2,0,0,25,0,t,t,t,1682691280,2023-04-28 10:14:40
380,7,0,0,15,1,t,t,t,1682693344,2023-04-28 10:49:04
381,16,3,1,6,0,t,t,t,1682693360,2023-04-28 10:49:20
383,4,0,0,11,0,t,t,t,1682693321,2023-04-28 10:48:41
384,0,0,1,3,0,f,f,t,1669369071,2022-11-25 04:37:51
385,5,0,1,12,0,t,t,t,1682693325,2023-04-28 10:48:45
387,9,1,1,12,1,t,t,t,1682693202,2023-04-28 10:46:42
388,8,1,2,23,0,t,t,t,1682692926,2023-04-28 10:42:06
389,8,4,0,7,0,t,t,t,1682692811,2023-04-28 10:40:11
390,0,0,0,5,0,f,f,t,1668851083,2022-11-19 04:44:43
391,9,8,1,5,0,t,t,t,1682688132,2023-04-28 09:22:12
392,8,8,0,7,0,t,t,t,1682692027,2023-04-28 10:27:07
393,2,0,3,10,0,t,t,t,1682693311,2023-04-28 10:48:31
394,11,6,1,15,0,t,t,t,1682693318,2023-04-28 10:48:38
396,4,4,0,34,0,t,t,t,1682692406,2023-04-28 10:33:26
397,22,15,1,8,0,t,t,t,1682693174,2023-04-28 10:46:14
399,16,2,0,7,0,t,t,t,1682691340,2023-04-28 10:15:40
400,9,8,0,6,0,t,t,t,1682693178,2023-04-28 10:46:18
401,10,1,0,17,0,t,t,t,1682693360,2023-04-28 10:49:20
403,16,3,0,7,0,t,t,t,1682693373,2023-04-28 10:49:33
404,7,1,2,18,0,t,t,t,1682693003,2023-04-28 10:43:23
406,0,0,0,3,0,f,f,t,1669022548,2022-11-21 04:22:28
407,12,1,0,7,0,t,t,t,1682681495,2023-04-28 07:31:35
408,30,7,1,2,0,t,t,t,1682693379,2023-04-28 10:49:39
409,19,3,2,2,0,t,t,t,1682693242,2023-04-28 10:47:22
413,11,1,0,8,0,t,t,t,1682693360,2023-04-28 10:49:20
414,6,1,0,8,1,t,t,t,1682693173,2023-04-28 10:46:13
415,9,5,1,5,0,t,t,t,1682689312,2023-04-28 09:41:52
417,7,3,1,11,0,t,t,t,1682693233,2023-04-28 10:47:13
418,3,3,1,11,0,t,t,t,1682693184,2023-04-28 10:46:24
419,4,0,1,17,1,t,t,t,1682691604,2023-04-28 10:20:04
421,23,5,0,0,0,t,t,t,1682692566,2023-04-28 10:36:06
422,6,6,1,16,0,t,t,t,1682692580,2023-04-28 10:36:20
423,5,3,0,10,0,t,t,t,1682686829,2023-04-28 09:00:29
424,6,1,0,8,1,t,t,t,1682693385,2023-04-28 10:49:45
425,9,2,2,12,0,t,t,t,1682689255,2023-04-28 09:40:55
426,29,2,1,3,1,t,t,t,1682693373,2023-04-28 10:49:33
427,15,1,0,0,0,t,t,t,1682691374,2023-04-28 10:16:14
428,12,0,2,5,0,t,t,t,1682692011,2023-04-28 10:26:51
429,20,2,0,7,0,t,t,t,1682693219,2023-04-28 10:46:59
430,4,1,0,19,0,t,t,t,1682693073,2023-04-28 10:44:33
431,14,1,2,16,1,t,t,t,1682693240,2023-04-28 10:47:20
432,18,1,1,12,0,t,t,t,1682693361,2023-04-28 10:49:21
433,7,0,0,16,0,t,t,t,1682693270,2023-04-28 10:47:50
437,0,0,1,14,0,t,t,t,1682692580,2023-04-28 10:36:20
438,12,1,0,7,0,t,t,t,1682693310,2023-04-28 10:48:30
439,1,1,0,14,0,t,t,t,1682692338,2023-04-28 10:32:18
440,12,2,0,3,0,t,t,t,1682692879,2023-04-28 10:41:19
441,10,0,0,5,0,t,t,t,1682693237,2023-04-28 10:47:17
442,10,3,1,8,0,t,t,t,1682693304,2023-04-28 10:48:24
443,6,0,0,9,0,t,t,t,1682672375,2023-04-28 04:59:35
444,8,2,2,5,0,t,t,t,1682693199,2023-04-28 10:46:39
445,9,8,0,10,0,t,t,t,1682691381,2023-04-28 10:16:21
446,10,1,2,11,0,t,t,t,1682693185,2023-04-28 10:46:25
447,9,4,1,9,0,t,t,t,1682689588,2023-04-28 09:46:28
448,22,7,5,7,1,t,t,t,1682693150,2023-04-28 10:45:50
452,1,0,1,17,0,t,t,t,1682692285,2023-04-28 10:31:25
453,17,8,1,16,0,t,t,t,1682690333,2023-04-28 09:58:53
454,7,1,1,11,0,t,t,t,1682693190,2023-04-28 10:46:30
455,6,0,1,24,0,t,t,t,1682692430,2023-04-28 10:33:50
456,6,1,0,17,0,t,t,t,1682693082,2023-04-28 10:44:42
457,9,2,3,12,0,t,t,t,1682693131,2023-04-28 10:45:31
458,13,4,0,10,0,t,t,t,1682692523,2023-04-28 10:35:23
459,5,0,0,10,0,t,t,t,1682692984,2023-04-28 10:43:04
460,11,1,0,12,0,t,t,t,1682690610,2023-04-28 10:03:30
461,9,1,1,9,0,t,t,t,1682693383,2023-04-28 10:49:43
462,8,2,0,13,0,t,t,t,1682692972,2023-04-28 10:42:52
463,6,0,0,17,0,t,t,t,1682692755,2023-04-28 10:39:15
464,10,3,0,4,0,t,t,t,1682692788,2023-04-28 10:39:48
465,7,4,0,8,0,t,t,t,1682692804,2023-04-28 10:40:04
466,6,1,1,8,0,t,t,t,1682693070,2023-04-28 10:44:30
467,2,0,0,13,0,t,t,t,1682687417,2023-04-28 09:10:17
468,9,3,0,14,0,t,t,t,1682683822,2023-04-28 08:10:22
469,16,0,1,10,0,t,t,t,1682691381,2023-04-28 10:16:21
470,17,3,0,2,0,t,t,t,1682691628,2023-04-28 10:20:28
471,12,0,0,7,0,t,t,t,1682691853,2023-04-28 10:24:13
472,10,1,2,7,0,t,t,t,1682691435,2023-04-28 10:17:15
473,12,0,0,3,0,t,t,t,1682689545,2023-04-28 09:45:45
474,3,1,0,16,0,t,t,t,1682693256,2023-04-28 10:47:36
475,0,0,1,18,0,t,t,t,1682688314,2023-04-28 09:25:14
476,15,0,0,8,0,t,t,t,1682690316,2023-04-28 09:58:36
477,1,1,0,14,0,t,t,t,1682692922,2023-04-28 10:42:02
478,17,2,1,16,0,t,t,t,1682690489,2023-04-28 10:01:29
479,7,0,0,12,0,t,t,t,1682692779,2023-04-28 10:39:39
480,5,1,0,14,0,t,t,t,1682692085,2023-04-28 10:28:05
481,28,4,0,3,0,t,t,t,1682691209,2023-04-28 10:13:29
482,10,4,3,6,0,t,t,t,1682693387,2023-04-28 10:49:47
483,10,0,1,16,0,t,t,t,1682693381,2023-04-28 10:49:41
484,5,0,0,22,0,t,t,t,1682693278,2023-04-28 10:47:58
485,5,1,1,13,0,t,t,t,1682692273,2023-04-28 10:31:13
486,13,0,1,13,0,t,t,t,1682692613,2023-04-28 10:36:53
487,2,1,1,16,0,t,t,t,1682689687,2023-04-28 09:48:07
489,0,0,1,14,0,t,t,t,1682692259,2023-04-28 10:30:59
490,3,2,2,11,0,t,t,t,1682693043,2023-04-28 10:44:03
491,2,0,0,17,0,t,t,t,1682691801,2023-04-28 10:23:21
492,9,1,0,6,0,t,t,t,1682680493,2023-04-28 07:14:53
493,27,4,0,4,0,t,t,t,1682693346,2023-04-28 10:49:06
495,15,2,0,4,0,t,t,t,1682693083,2023-04-28 10:44:43
496,7,2,0,16,0,t,t,t,1682693363,2023-04-28 10:49:23
497,0,0,0,3,0,f,f,t,1668765539,2022-11-18 04:58:59
498,0,0,0,3,0,f,f,t,1669023757,2022-11-21 04:42:37
499,5,0,0,10,0,t,t,t,1682693146,2023-04-28 10:45:46
500,5,2,0,10,0,t,t,t,1682690955,2023-04-28 10:09:15
501,6,2,0,7,0,t,t,t,1682692440,2023-04-28 10:34:00
502,17,4,2,0,0,t,t,t,1682691223,2023-04-28 10:13:43
503,0,0,0,10,0,f,f,t,1668679037,2022-11-17 04:57:17
504,10,1,0,12,1,t,t,t,1682693359,2023-04-28 10:49:19
505,3,0,0,20,0,t,t,t,1682693015,2023-04-28 10:43:35
508,0,0,0,6,0,f,f,t,1668851702,2022-11-19 04:55:02
511,18,5,1,4,0,t,t,t,1682692795,2023-04-28 10:39:55
512,18,6,1,4,0,t,t,t,1682693312,2023-04-28 10:48:32
514,5,1,0,14,0,t,t,t,1682692580,2023-04-28 10:36:20
515,13,4,0,6,0,t,t,t,1682692062,2023-04-28 10:27:42
516,5,4,0,26,0,t,t,t,1682693381,2023-04-28 10:49:41
517,19,7,0,0,0,t,t,t,1682690018,2023-04-28 09:53:38
518,11,1,0,4,0,t,t,t,1682692887,2023-04-28 10:41:27
519,11,0,0,8,0,t,t,t,1682691303,2023-04-28 10:15:03
520,13,1,1,13,0,t,t,t,1682692710,2023-04-28 10:38:30
521,2,1,0,13,0,t,t,t,1682690496,2023-04-28 10:01:36
522,8,0,0,19,0,t,t,t,1682693145,2023-04-28 10:45:45
523,13,5,0,10,0,t,t,t,1682692802,2023-04-28 10:40:02
524,18,0,2,3,0,t,t,t,1682692366,2023-04-28 10:32:46
525,2,1,0,17,0,t,t,t,1682691480,2023-04-28 10:18:00
526,11,1,1,7,0,t,t,t,1682693069,2023-04-28 10:44:29
527,14,14,2,10,0,t,t,t,1682692905,2023-04-28 10:41:45
528,7,0,0,16,0,t,t,t,1682691850,2023-04-28 10:24:10
529,10,5,0,9,0,t,t,t,1682693034,2023-04-28 10:43:54
530,6,0,0,5,0,t,t,t,1682692275,2023-04-28 10:31:15
531,0,0,0,22,1,t,t,t,1682689312,2023-04-28 09:41:52
532,22,6,1,0,0,t,t,t,1682691030,2023-04-28 10:10:30
533,9,0,0,6,0,t,t,t,1682691379,2023-04-28 10:16:19
534,6,2,1,12,0,t,t,t,1682693231,2023-04-28 10:47:11
535,1,0,0,14,0,t,t,t,1682692864,2023-04-28 10:41:04
536,0,0,0,15,0,t,t,t,1682688440,2023-04-28 09:27:20
537,6,1,0,12,0,t,t,t,1682692824,2023-04-28 10:40:24
538,6,1,0,13,0,t,t,t,1682691550,2023-04-28 10:19:10
539,14,9,0,9,0,t,t,t,1682693345,2023-04-28 10:49:05
540,18,4,0,1,0,t,t,t,1682693013,2023-04-28 10:43:33
541,4,1,2,17,0,t,t,t,1682693359,2023-04-28 10:49:19
542,18,6,0,1,0,t,t,t,1682692677,2023-04-28 10:37:57
543,12,2,0,7,0,t,t,t,1682692457,2023-04-28 10:34:17
544,14,0,2,7,0,t,t,t,1682692922,2023-04-28 10:42:02
545,5,0,0,14,0,t,t,t,1682693360,2023-04-28 10:49:20
546,6,4,1,16,0,t,t,t,1682693383,2023-04-28 10:49:43
547,4,1,2,17,0,t,t,t,1682693098,2023-04-28 10:44:58
548,12,1,1,12,0,t,t,t,1682693088,2023-04-28 10:44:48
549,0,0,0,3,0,f,f,t,1669628497,2022-11-28 04:41:37
550,1,0,2,16,0,t,t,t,1682693368,2023-04-28 10:49:28
551,4,1,0,19,0,t,t,t,1682693036,2023-04-28 10:43:56
552,0,0,0,2,1,f,t,t,1681238939,2023-04-11 14:48:59
553,0,0,0,19,0,t,t,t,1682687022,2023-04-28 09:03:42
554,15,2,0,0,0,t,t,t,1682693050,2023-04-28 10:44:10
555,22,3,0,9,0,t,t,t,1682692286,2023-04-28 10:31:26
556,12,6,0,11,0,t,t,t,1682692686,2023-04-28 10:38:06
557,7,1,0,16,0,t,t,t,1682692896,2023-04-28 10:41:36
558,0,0,0,3,0,f,t,t,1662044570,2022-09-01 11:02:50
559,18,4,0,1,0,t,t,t,1682693377,2023-04-28 10:49:37
560,5,0,0,22,0,t,t,t,1682693323,2023-04-28 10:48:43
561,13,1,1,9,0,t,t,t,1682690460,2023-04-28 10:01:00
562,0,0,0,35,0,t,t,t,1682683543,2023-04-28 08:05:43
563,0,0,0,15,0,t,t,t,1682691252,2023-04-28 10:14:12
564,0,0,0,3,0,f,f,t,1668765198,2022-11-18 04:53:18
565,3,1,0,12,0,t,t,t,1682692403,2023-04-28 10:33:23
566,16,0,0,7,0,t,t,t,1682690881,2023-04-28 10:08:01
567,12,2,1,14,0,t,t,t,1682691197,2023-04-28 10:13:17
568,10,1,0,13,0,t,t,t,1682692776,2023-04-28 10:39:36
569,9,4,0,6,0,t,t,t,1682693218,2023-04-28 10:46:58
570,2,0,0,13,4,t,t,t,1682693344,2023-04-28 10:49:04
571,5,1,0,10,0,t,t,t,1682693274,2023-04-28 10:47:54
572,13,0,0,10,0,t,t,t,1682691854,2023-04-28 10:24:14
573,2,0,0,17,0,t,t,t,1682692923,2023-04-28 10:42:03
574,2,0,0,17,0,t,t,t,1682692312,2023-04-28 10:31:52
575,2,0,0,19,0,t,t,t,1682692731,2023-04-28 10:38:51
576,7,1,0,12,0,t,t,t,1682692349,2023-04-28 10:32:29
577,0,0,0,3,0,f,f,t,1669369985,2022-11-25 04:53:05
578,6,2,0,17,0,t,t,t,1682693385,2023-04-28 10:49:45
579,5,1,0,38,0,t,t,t,1682691360,2023-04-28 10:16:00
580,5,1,0,26,0,t,t,t,1682693300,2023-04-28 10:48:20
581,6,0,1,24,0,t,t,t,1682691779,2023-04-28 10:22:59
582,39,8,0,19,0,t,t,t,1682692501,2023-04-28 10:35:01
583,14,1,1,12,0,t,t,t,1682692739,2023-04-28 10:38:59
584,16,4,0,7,0,t,t,t,1682693116,2023-04-28 10:45:16
585,17,0,3,5,2,t,t,t,1682693281,2023-04-28 10:48:01
586,10,0,0,9,0,t,t,t,1682693161,2023-04-28 10:46:01
587,1,0,0,13,1,t,t,t,1682693337,2023-04-28 10:48:57
588,8,1,1,13,1,t,t,t,1682693347,2023-04-28 10:49:07
589,0,0,0,3,1,f,t,t,1681398677,2023-04-13 11:11:17
590,8,1,0,22,1,t,t,t,1682690722,2023-04-28 10:05:22
591,0,0,0,3,0,f,f,t,1669024680,2022-11-21 04:58:00
592,11,4,0,8,0,t,t,t,1682692900,2023-04-28 10:41:40
593,22,3,1,0,0,t,t,t,1682693241,2023-04-28 10:47:21
594,4,0,0,19,0,t,t,t,1682692565,2023-04-28 10:36:05
595,14,0,1,8,0,t,t,t,1682693090,2023-04-28 10:44:50
605,10,0,0,12,1,t,t,t,1682693228,2023-04-28 10:47:08
606,17,9,1,1,0,t,t,t,1682689484,2023-04-28 09:44:44
607,3,0,0,30,0,t,t,t,1682693318,2023-04-28 10:48:38
608,23,5,1,22,0,t,t,t,1682693273,2023-04-28 10:47:53
609,7,2,0,12,0,t,t,t,1682692270,2023-04-28 10:31:10
610,23,5,0,8,0,t,t,t,1682693139,2023-04-28 10:45:39
611,13,3,1,12,1,t,t,t,1682692626,2023-04-28 10:37:06
612,10,1,0,5,0,t,t,t,1682685255,2023-04-28 08:34:15
613,6,0,0,9,0,t,t,t,1682672380,2023-04-28 04:59:40
614,5,1,0,10,0,t,t,t,1682683011,2023-04-28 07:56:51
617,11,4,0,12,0,t,t,t,1682685312,2023-04-28 08:35:12
618,6,0,1,12,0,t,t,t,1682692364,2023-04-28 10:32:44
619,15,4,2,6,0,t,t,t,1682692650,2023-04-28 10:37:30
620,18,6,1,4,0,t,t,t,1682693135,2023-04-28 10:45:35
621,9,0,0,10,0,t,t,t,1682692706,2023-04-28 10:38:26
622,18,5,0,5,0,t,t,t,1682693161,2023-04-28 10:46:01
623,15,1,0,15,0,t,t,t,1682690860,2023-04-28 10:07:40
624,8,5,5,9,1,t,t,t,1682693329,2023-04-28 10:48:49
625,11,2,0,4,0,t,t,t,1682692653,2023-04-28 10:37:33
626,32,6,0,23,0,t,t,t,1682692980,2023-04-28 10:43:00
627,7,0,0,12,0,t,t,t,1682693068,2023-04-28 10:44:28
628,1,1,2,16,0,t,t,t,1682687252,2023-04-28 09:07:32
629,11,6,1,11,0,t,t,t,1682692481,2023-04-28 10:34:41
630,16,2,2,9,0,t,t,t,1682691307,2023-04-28 10:15:07
631,7,1,0,12,0,t,t,t,1682672384,2023-04-28 04:59:44
632,6,1,0,21,0,t,t,t,1682689541,2023-04-28 09:45:41
633,4,1,0,11,0,t,t,t,1682672385,2023-04-28 04:59:45
634,0,0,0,3,0,f,f,t,1668543568,2022-11-15 15:19:28
635,16,2,1,2,0,t,t,t,1682692976,2023-04-28 10:42:56
636,5,1,0,10,0,t,t,t,1682689680,2023-04-28 09:48:00
637,7,3,1,15,0,t,t,t,1682685260,2023-04-28 08:34:20
638,19,0,0,8,0,t,t,t,1682672385,2023-04-28 04:59:45
639,15,6,2,1,1,t,t,t,1682692366,2023-04-28 10:32:46
640,14,2,0,1,0,t,t,t,1682693025,2023-04-28 10:43:45
641,4,0,0,15,0,t,t,t,1682692990,2023-04-28 10:43:10
642,3,3,0,16,0,t,t,t,1682693306,2023-04-28 10:48:26
643,14,5,0,9,0,t,t,t,1682693179,2023-04-28 10:46:19
644,13,3,0,2,0,t,t,t,1682687438,2023-04-28 09:10:38
645,11,2,0,8,0,t,t,t,1682687900,2023-04-28 09:18:20
646,7,1,0,20,0,t,t,t,1682692304,2023-04-28 10:31:44
647,8,3,0,7,0,t,t,t,1682692586,2023-04-28 10:36:26
648,15,1,0,8,0,t,t,t,1682685753,2023-04-28 08:42:33
649,3,3,0,32,0,t,t,t,1682691867,2023-04-28 10:24:27
650,6,2,0,13,0,t,t,t,1682693003,2023-04-28 10:43:23
651,14,0,2,7,0,t,t,t,1682692920,2023-04-28 10:42:00
652,10,2,1,12,0,t,t,t,1682693245,2023-04-28 10:47:25
653,16,0,0,3,0,t,t,t,1682692422,2023-04-28 10:33:42
654,15,4,0,0,0,t,t,t,1682690191,2023-04-28 09:56:31
655,14,0,1,8,0,t,t,t,1682681807,2023-04-28 07:36:47
656,2,0,0,13,0,t,t,t,1682693185,2023-04-28 10:46:25
657,12,3,0,5,0,t,t,t,1682692404,2023-04-28 10:33:24
658,17,6,1,5,0,t,t,t,1682686838,2023-04-28 09:00:38
659,5,4,3,7,0,t,t,t,1682691554,2023-04-28 10:19:14
660,8,1,2,17,0,t,t,t,1682683666,2023-04-28 08:07:46
661,14,0,0,5,0,t,t,t,1682690251,2023-04-28 09:57:31
662,4,0,0,19,0,t,t,t,1682693129,2023-04-28 10:45:29
663,7,0,0,8,0,t,t,t,1682693234,2023-04-28 10:47:14
664,7,1,0,12,0,t,t,t,1682686275,2023-04-28 08:51:15
665,10,0,1,3,1,t,t,t,1682682404,2023-04-28 07:46:44
666,4,0,0,11,0,t,t,t,1682687358,2023-04-28 09:09:18
667,4,0,0,19,0,t,t,t,1682686913,2023-04-28 09:01:53
668,6,0,1,12,0,t,t,t,1682692911,2023-04-28 10:41:51
669,2,0,0,12,0,t,t,t,1682689993,2023-04-28 09:53:13
670,9,0,0,18,0,t,t,t,1682693366,2023-04-28 10:49:26
671,15,0,0,12,0,t,t,t,1682693344,2023-04-28 10:49:04
672,1,0,1,13,0,t,t,t,1682692813,2023-04-28 10:40:13
673,4,0,0,19,0,t,t,t,1682692949,2023-04-28 10:42:29
674,10,4,0,13,0,t,t,t,1682691765,2023-04-28 10:22:45
675,13,5,1,21,0,t,t,t,1682689155,2023-04-28 09:39:15
676,0,0,0,3,0,f,f,t,1669110856,2022-11-22 04:54:16
681,10,1,0,5,0,t,t,t,1682690069,2023-04-28 09:54:29
682,1,1,0,14,0,t,t,t,1682682949,2023-04-28 07:55:49
683,1,1,0,18,0,t,t,t,1682672382,2023-04-28 04:59:42
684,4,1,0,15,0,t,t,t,1682680000,2023-04-28 07:06:40
685,10,5,0,9,0,t,t,t,1682692338,2023-04-28 10:32:18
686,5,2,0,10,0,t,t,t,1682681681,2023-04-28 07:34:41
687,3,1,0,12,0,t,t,t,1682685588,2023-04-28 08:39:48
688,7,1,0,8,0,t,t,t,1682693375,2023-04-28 10:49:35
692,21,7,0,0,0,t,t,t,1682693350,2023-04-28 10:49:10
693,2,0,0,9,0,t,t,t,1682654108,2023-04-27 23:55:08
694,9,3,1,3,0,t,t,t,1682693302,2023-04-28 10:48:22
695,14,0,1,0,0,t,t,t,1682693137,2023-04-28 10:45:37
696,8,0,0,7,0,t,t,t,1682693332,2023-04-28 10:48:52
697,20,2,2,5,0,t,t,t,1682693329,2023-04-28 10:48:49
698,15,7,0,8,0,t,t,t,1682693113,2023-04-28 10:45:13
699,9,1,1,9,0,t,t,t,1682693170,2023-04-28 10:46:10
700,1,0,3,15,0,t,t,t,1682693101,2023-04-28 10:45:01
701,12,5,3,4,0,t,t,t,1682693258,2023-04-28 10:47:38
702,11,5,2,6,0,t,t,t,1682693362,2023-04-28 10:49:22
703,18,1,1,4,0,t,t,t,1682693311,2023-04-28 10:48:31
704,12,0,0,3,0,t,t,t,1682693162,2023-04-28 10:46:02
705,10,1,2,3,0,t,t,t,1682693238,2023-04-28 10:47:18
706,5,0,1,9,0,t,t,t,1682693174,2023-04-28 10:46:14
707,7,2,4,4,0,t,t,t,1682693335,2023-04-28 10:48:55
708,7,0,0,12,0,t,t,t,1682693348,2023-04-28 10:49:08
709,14,5,0,1,0,t,t,t,1682693209,2023-04-28 10:46:49
710,4,1,3,12,0,t,t,t,1682693297,2023-04-28 10:48:17
711,6,4,3,10,0,t,t,t,1682693206,2023-04-28 10:46:46
712,2,0,4,9,0,t,t,t,1682693224,2023-04-28 10:47:04
713,12,4,0,3,0,t,t,t,1682693344,2023-04-28 10:49:04
716,6,1,0,9,0,t,t,t,1682693358,2023-04-28 10:49:18
717,4,0,9,12,0,t,t,t,1682693139,2023-04-28 10:45:39
718,8,0,3,4,0,t,t,t,1682693364,2023-04-28 10:49:24
719,17,3,1,12,0,t,t,t,1682693088,2023-04-28 10:44:48
720,11,1,1,7,0,t,t,t,1682693260,2023-04-28 10:47:40
721,4,0,0,11,0,t,t,t,1682654116,2023-04-27 23:55:16
722,5,1,0,10,0,t,t,t,1682654355,2023-04-27 23:59:15
723,16,13,0,11,0,t,t,t,1682693300,2023-04-28 10:48:20
724,15,0,1,3,0,t,t,t,1682693283,2023-04-28 10:48:03
725,13,0,2,0,0,t,t,t,1682693109,2023-04-28 10:45:09
726,7,1,1,7,0,t,t,t,1682693157,2023-04-28 10:45:57
727,12,12,1,14,0,t,t,t,1682693117,2023-04-28 10:45:17
728,15,3,0,0,0,t,t,t,1682654339,2023-04-27 23:58:59
729,3,0,1,15,0,t,t,t,1682693313,2023-04-28 10:48:33
730,3,0,0,12,0,t,t,t,1682693117,2023-04-28 10:45:17
731,11,5,0,4,0,t,t,t,1682693126,2023-04-28 10:45:26
732,5,0,1,9,0,t,t,t,1682693109,2023-04-28 10:45:09
733,0,0,3,16,0,t,t,t,1682693314,2023-04-28 10:48:34
734,0,0,0,0,0,f,t,t,86400,1970-01-01 19:00:00
735,4,0,1,10,0,t,t,t,1682693377,2023-04-28 10:49:37
736,6,0,2,11,0,t,t,t,1682693143,2023-04-28 10:45:43
737,9,4,0,6,0,t,t,t,1682654166,2023-04-27 23:56:06
738,10,1,0,9,0,t,t,t,1682693376,2023-04-28 10:49:36
739,7,0,0,20,0,t,t,t,1682654174,2023-04-27 23:56:14
740,5,1,1,9,0,t,t,t,1682693357,2023-04-28 10:49:17
741,9,9,0,14,0,t,t,t,1682693121,2023-04-28 10:45:21
742,8,0,2,29,0,t,t,t,1682693114,2023-04-28 10:45:14
743,5,1,3,11,0,t,t,t,1682693173,2023-04-28 10:46:13
744,15,0,0,0,0,t,t,t,1682693160,2023-04-28 10:46:00
745,10,3,0,9,0,t,t,t,1682693310,2023-04-28 10:48:30
746,7,0,1,7,0,t,t,t,1682693295,2023-04-28 10:48:15
747,5,0,2,16,0,t,t,t,1682693389,2023-04-28 10:49:49
748,9,4,2,12,0,t,t,t,1682693330,2023-04-28 10:48:50
749,17,1,1,1,0,t,t,t,1682693106,2023-04-28 10:45:06
750,13,0,2,4,0,t,t,t,1682693318,2023-04-28 10:48:38
751,17,7,2,4,0,t,t,t,1682693338,2023-04-28 10:48:58
752,9,1,1,7,0,t,t,t,1682693163,2023-04-28 10:46:03
753,14,2,1,0,0,t,t,t,1682693297,2023-04-28 10:48:17
754,8,2,0,7,0,t,t,t,1682693158,2023-04-28 10:45:58
755,4,2,0,11,0,t,t,t,1682693162,2023-04-28 10:46:02
756,27,23,5,5,0,t,t,t,1682693235,2023-04-28 10:47:15
757,7,5,0,4,0,t,t,t,1682693241,2023-04-28 10:47:21
758,8,1,0,7,0,t,t,t,1682654375,2023-04-27 23:59:35
759,10,4,1,16,0,t,t,t,1682693165,2023-04-28 10:46:05
760,4,2,0,15,0,t,t,t,1682693345,2023-04-28 10:49:05
761,14,5,0,1,0,t,t,t,1682693106,2023-04-28 10:45:06
762,2,0,1,12,0,t,t,t,1682693190,2023-04-28 10:46:30
768,11,3,0,8,0,t,t,t,1682654215,2023-04-27 23:56:55
769,3,0,0,20,0,t,t,t,1682693295,2023-04-28 10:48:15
770,5,1,0,14,0,t,t,t,1682693331,2023-04-28 10:48:51
771,9,0,0,6,0,t,t,t,1682654292,2023-04-27 23:58:12
772,11,5,1,3,0,t,t,t,1682693153,2023-04-28 10:45:53
773,4,0,0,15,0,t,t,t,1682693111,2023-04-28 10:45:11
775,7,1,1,11,0,t,t,t,1682654372,2023-04-27 23:59:32
776,10,5,0,11,0,t,t,t,1682693263,2023-04-28 10:47:43
777,8,1,0,7,0,t,t,t,1682693323,2023-04-28 10:48:43
778,9,1,2,8,0,t,t,t,1682693376,2023-04-28 10:49:36
779,5,2,0,14,0,t,t,t,1682654302,2023-04-27 23:58:22
781,7,2,0,4,0,t,t,t,1682693320,2023-04-28 10:48:40
782,7,1,3,9,0,t,t,t,1682693124,2023-04-28 10:45:24
783,6,4,1,12,0,t,t,t,1682693330,2023-04-28 10:48:50
784,3,1,3,13,0,t,t,t,1682693339,2023-04-28 10:48:59
785,14,1,0,5,0,t,t,t,1682693140,2023-04-28 10:45:40
786,13,1,0,6,0,t,t,t,1682693215,2023-04-28 10:46:55
787,4,1,3,8,0,t,t,t,1682693245,2023-04-28 10:47:25
788,3,1,2,10,0,t,t,t,1682654168,2023-04-27 23:56:08
789,9,1,1,5,0,t,t,t,1682693379,2023-04-28 10:49:39
790,2,1,3,18,0,t,t,t,1682693269,2023-04-28 10:47:49
791,1,0,0,18,0,t,t,t,1682693315,2023-04-28 10:48:35
792,4,1,4,7,0,t,t,t,1682693284,2023-04-28 10:48:04
793,0,0,0,15,0,t,t,t,1682693178,2023-04-28 10:46:18
794,13,5,1,12,0,t,t,t,1682693130,2023-04-28 10:45:30
795,7,4,3,5,0,t,t,t,1682693197,2023-04-28 10:46:37
796,2,1,0,17,0,t,t,t,1682693102,2023-04-28 10:45:02
797,0,0,1,14,0,t,t,t,1682693380,2023-04-28 10:49:40
798,13,1,2,10,0,t,t,t,1682693349,2023-04-28 10:49:09
799,11,1,1,7,0,t,t,t,1682693218,2023-04-28 10:46:58
800,5,0,3,7,0,t,t,t,1682693239,2023-04-28 10:47:19
801,15,3,1,2,0,t,t,t,1682693284,2023-04-28 10:48:04
802,10,9,1,12,0,t,t,t,1682693359,2023-04-28 10:49:19
803,5,1,1,9,0,t,t,t,1682693185,2023-04-28 10:46:25
804,0,0,0,0,0,f,t,t,86400,1970-01-01 19:00:00
806,11,2,1,3,0,t,t,t,1682693096,2023-04-28 10:44:56
807,10,2,6,9,0,t,t,t,1682693210,2023-04-28 10:46:50
808,0,0,0,5,0,f,f,t,1668920327,2022-11-19 23:58:47
809,12,1,0,11,0,t,t,t,1682654118,2023-04-27 23:55:18
810,5,5,1,13,0,t,t,t,1682693206,2023-04-28 10:46:46
811,0,0,0,0,0,f,t,t,86400,1970-01-01 19:00:00
813,0,0,0,0,0,f,t,t,86400,1970-01-01 19:00:00
814,0,0,0,0,0,f,t,t,86400,1970-01-01 19:00:00
815,14,4,1,0,0,t,t,t,1682693295,2023-04-28 10:48:15
816,2,2,6,11,0,t,t,t,1682693326,2023-04-28 10:48:46
817,10,7,1,4,0,t,t,t,1682693149,2023-04-28 10:45:49
818,8,6,1,10,0,t,t,t,1682654361,2023-04-27 23:59:21
819,6,2,1,8,0,t,t,t,1682693217,2023-04-28 10:46:57
820,9,2,1,7,0,t,t,t,1682693324,2023-04-28 10:48:44
821,11,2,1,3,0,t,t,t,1682672383,2023-04-28 04:59:43
822,10,1,3,6,0,t,t,t,1682693327,2023-04-28 10:48:47
823,4,2,1,10,0,t,t,t,1682693206,2023-04-28 10:46:46
824,18,4,0,7,0,t,t,t,1682693219,2023-04-28 10:46:59
825,6,2,0,9,0,t,t,t,1682654316,2023-04-27 23:58:36
826,11,2,3,13,0,t,t,t,1682693273,2023-04-28 10:47:53
827,14,7,0,4,0,t,t,t,1682693293,2023-04-28 10:48:13
828,1,0,1,16,0,t,t,t,1682693117,2023-04-28 10:45:17
829,16,0,2,9,0,t,t,t,1682693374,2023-04-28 10:49:34
830,19,3,0,4,0,t,t,t,1682693210,2023-04-28 10:46:50
831,9,6,2,4,0,t,t,t,1682693371,2023-04-28 10:49:31
832,15,4,0,3,0,t,t,t,1682693335,2023-04-28 10:48:55
833,9,0,1,9,0,t,t,t,1682693133,2023-04-28 10:45:33
834,14,1,8,1,0,t,t,t,1682693221,2023-04-28 10:47:01
835,12,0,1,5,0,t,t,t,1682693279,2023-04-28 10:47:59
836,4,0,1,10,0,t,t,t,1682693273,2023-04-28 10:47:53
837,7,1,1,7,0,t,t,t,1682693085,2023-04-28 10:44:45
838,3,0,2,10,0,t,t,t,1682693382,2023-04-28 10:49:42
839,19,1,2,9,0,t,t,t,1682693273,2023-04-28 10:47:53
840,4,2,3,19,0,t,t,t,1682693100,2023-04-28 10:45:00
841,5,1,0,10,0,t,t,t,1682693269,2023-04-28 10:47:49
842,8,5,0,15,0,t,t,t,1682693138,2023-04-28 10:45:38
843,8,7,2,13,0,t,t,t,1682693366,2023-04-28 10:49:26
844,10,9,1,12,0,t,t,t,1682654267,2023-04-27 23:57:47
845,4,4,0,15,0,t,t,t,1682693147,2023-04-28 10:45:47
846,2,1,0,17,0,t,t,t,1682693300,2023-04-28 10:48:20
847,7,6,0,12,0,t,t,t,1682654255,2023-04-27 23:57:35
848,4,0,0,15,0,t,t,t,1682693147,2023-04-28 10:45:47
849,5,1,1,9,0,t,t,t,1682654370,2023-04-27 23:59:30
850,9,3,0,2,0,t,t,t,1682693322,2023-04-28 10:48:42
851,7,1,2,17,0,t,t,t,1682693137,2023-04-28 10:45:37
852,15,2,1,3,0,t,t,t,1682654106,2023-04-27 23:55:06
853,0,0,0,3,0,f,t,t,1661966021,2022-08-31 13:13:41
854,1,0,4,10,0,t,t,t,1682693288,2023-04-28 10:48:08
855,22,3,1,4,0,t,t,t,1682693272,2023-04-28 10:47:52
856,0,0,0,0,0,f,t,t,86400,1970-01-01 19:00:00
857,3,1,2,14,0,t,t,t,1682693201,2023-04-28 10:46:41
858,0,0,0,3,0,f,t,t,1664380646,2022-09-28 11:57:26
859,0,0,0,3,0,f,t,t,1664986915,2022-10-05 12:21:55
860,3,1,0,12,0,t,t,t,1682693176,2023-04-28 10:46:16
861,0,0,0,2,0,f,t,t,1665590992,2022-10-12 12:09:52
862,4,2,0,11,0,t,t,t,1682693166,2023-04-28 10:46:06
863,0,0,0,3,0,f,t,t,1665591015,2022-10-12 12:10:15
